time,intensity
0.03299999999999992,[-24.08477657]
0.04099999999999992,[-12.33739459]
0.04899999999999992,[-5.86545911]
0.05699999999999992,[-2.42253418]
0.06499999999999992,[-0.6286749]
0.07299999999999993,[0.13797501]
0.08099999999999992,[0.90275595]
0.08899999999999991,[1.46280262]
0.09699999999999992,[1.08610895]
0.10499999999999993,[0.62353559]
0.11299999999999992,[1.16580745]
0.12099999999999991,[7.18544628]
0.12899999999999992,[13.22436977]
0.13699999999999993,[16.19060549]
0.1449999999999999,[16.22643633]
0.1529999999999999,[14.94132928]
0.16099999999999992,[17.92119554]
0.16899999999999993,[22.62053017]
0.17699999999999994,[25.83457806]
0.18499999999999991,[29.1197328]
0.19299999999999992,[32.21245202]
0.20099999999999993,[33.30005354]
0.2089999999999999,[32.04035141]
0.21699999999999992,[29.17798123]
0.22499999999999992,[26.03341958]
0.23299999999999993,[24.78670941]
0.24099999999999994,[24.23197306]
0.24899999999999992,[23.72362749]
0.2569999999999999,[23.9615526]
0.2649999999999999,[23.21350522]
0.2729999999999999,[20.92191647]
0.2809999999999999,[18.72949893]
0.2889999999999999,[19.12188579]
0.29699999999999993,[20.3269602]
0.30499999999999994,[21.16197266]
0.31299999999999994,[22.01436888]
0.32099999999999995,[22.73913318]
0.3289999999999999,[22.95037914]
0.3369999999999999,[21.57237171]
0.3449999999999999,[19.88286694]
0.3529999999999999,[19.98091445]
0.36099999999999993,[20.01351843]
0.36899999999999994,[18.72348274]
0.37699999999999995,[16.50088965]
0.3849999999999999,[15.76314106]
0.3929999999999999,[14.92158015]
0.4009999999999999,[12.33043517]
0.4089999999999999,[9.13031788]
0.4169999999999999,[5.51946689]
0.42499999999999993,[4.25989395]
0.43299999999999994,[3.54477899]
0.44099999999999995,[4.4776013]
0.44899999999999995,[8.65987736]
0.4569999999999999,[11.49647713]
0.4649999999999999,[13.50863468]
0.4729999999999999,[13.96973116]
0.4809999999999999,[13.5049861]
0.48899999999999993,[13.01013164]
0.49699999999999994,[10.5366901]
0.5049999999999999,[7.83357248]
0.5129999999999999,[10.08682889]
0.5209999999999999,[12.63853203]
0.5289999999999999,[12.07928]
0.5369999999999999,[9.62335167]
0.5449999999999999,[13.33193466]
0.5529999999999999,[17.37802085]
0.5609999999999999,[17.68893491]
0.569,[15.12693489]
0.577,[11.56487029]
0.585,[7.76935826]
0.593,[4.64852297]
0.601,[3.88631192]
0.609,[4.13958594]
0.6169999999999999,[4.55786254]
0.6249999999999999,[7.39267931]
0.6329999999999999,[11.19817755]
0.6409999999999999,[13.4578122]
0.6489999999999999,[13.65629953]
0.6569999999999999,[11.94773685]
0.6649999999999999,[10.50055684]
0.6729999999999999,[10.02871458]
0.6809999999999999,[10.89366037]
0.689,[12.87842218]
0.697,[14.93843304]
0.705,[16.2320713]
0.713,[15.15712257]
0.721,[11.92384743]
0.729,[8.6437414]
0.7369999999999999,[6.30466804]
0.7449999999999999,[4.77634611]
0.7529999999999999,[4.32277824]
0.7609999999999999,[4.42519002]
0.7689999999999999,[3.73952718]
0.7769999999999999,[2.65793596]
0.7849999999999999,[2.39113322]
0.7929999999999999,[3.02167329]
0.8009999999999999,[3.5488597]
0.8089999999999999,[3.34504284]
0.817,[2.86837849]
0.825,[2.77460659]
0.833,[2.85457582]
0.841,[2.25010439]
0.849,[1.342912]
0.857,[0.84917082]
0.865,[1.47325502]
0.8729999999999999,[2.84924259]
0.8809999999999999,[2.88290136]
0.8889999999999999,[2.05756906]
0.8969999999999999,[1.61990093]
0.9049999999999999,[1.00174314]
0.9129999999999999,[0.79498302]
0.9209999999999999,[1.49551896]
0.9289999999999999,[1.78858802]
0.9369999999999999,[1.12304842]
0.945,[0.75044079]
0.953,[0.41778168]
0.961,[-0.16071404]
0.969,[0.06579357]
0.977,[0.80355077]
0.985,[1.31258872]
0.9929999999999999,[1.49180047]
1.001,[1.30725935]
1.009,[1.34790248]
1.017,[1.4824857]
1.025,[2.46143333]
1.033,[2.61002364]
1.041,[1.95929987]
1.049,[1.6876863]
1.057,[1.40827131]
1.065,[2.00978592]
1.073,[2.98620869]
1.081,[4.90724614]
1.089,[8.75189348]
1.097,[10.62529561]
1.105,[9.0992497]
1.113,[6.06237021]
1.121,[3.62034985]
1.129,[1.43988836]
1.137,[0.85809341]
1.145,[2.30484741]
1.153,[5.07889416]
1.161,[15.58248563]
1.169,[23.98547382]
1.177,[33.56945517]
1.185,[46.15807619]
1.1929999999999998,[55.6044757]
1.2009999999999998,[60.8879496]
1.2089999999999999,[63.76528985]
1.2169999999999999,[65.56976668]
1.2249999999999999,[66.96218052]
1.2329999999999999,[67.83778934]
1.2409999999999999,[67.94673654]
1.2489999999999999,[67.58771175]
1.257,[67.09673184]
1.265,[66.51490777]
1.273,[65.79542886]
1.281,[64.97655765]
1.289,[64.03670581]
1.297,[63.61138476]
1.305,[64.44495021]
1.313,[65.65435895]
1.321,[66.57463746]
1.329,[69.24365597]
1.337,[74.2705196]
1.345,[78.74452199]
1.353,[81.88267964]
1.361,[83.7925993]
1.369,[84.80378382]
1.377,[85.18505529]
1.385,[84.84642047]
1.393,[83.95247929]
1.401,[82.97424493]
1.409,[81.6557975]
1.417,[80.17960087]
1.425,[78.77687702]
1.433,[77.04150512]
1.4409999999999998,[75.39336252]
1.4489999999999998,[73.73755531]
1.4569999999999999,[72.40095633]
1.4649999999999999,[73.15727199]
1.4729999999999999,[74.46748026]
1.4809999999999999,[74.30175009]
1.4889999999999999,[72.73079565]
1.4969999999999999,[70.50764341]
1.505,[69.27785774]
1.513,[69.3732003]
1.521,[69.33618661]
1.529,[70.01152995]
1.537,[71.25495879]
1.545,[71.91562253]
1.553,[71.15164028]
1.561,[69.04686298]
1.569,[66.99429497]
1.577,[65.90214712]
1.585,[64.99993811]
1.593,[63.79240424]
1.601,[61.98608517]
1.609,[59.52467342]
1.617,[57.15533934]
1.625,[56.39330615]
1.633,[57.17618682]
1.641,[57.4030085]
1.649,[57.69591146]
1.657,[58.284186]
1.665,[58.99826908]
1.673,[59.48336778]
1.681,[59.61101002]
1.689,[60.64963551]
1.697,[61.90406074]
1.7049999999999998,[62.11003507]
1.7129999999999999,[61.77608398]
1.7209999999999999,[61.27869211]
1.7289999999999999,[60.77027395]
1.7369999999999999,[60.48696614]
1.7449999999999999,[59.76968027]
1.753,[58.76324971]
1.761,[57.8428291]
1.769,[57.21128882]
1.777,[57.11185685]
1.785,[56.45379391]
1.793,[54.86809779]
1.801,[53.4622072]
1.809,[52.12685585]
1.817,[50.37588997]
1.825,[48.31662901]
1.833,[45.95059788]
1.841,[43.69077556]
1.849,[41.31408349]
1.857,[38.43701477]
1.865,[36.1504262]
1.873,[34.06189018]
1.881,[31.7641758]
1.889,[30.00097882]
1.897,[28.86269216]
1.905,[27.68700014]
1.913,[26.68166273]
1.921,[26.01699911]
1.929,[24.84096088]
1.937,[22.84251065]
1.945,[21.0591384]
1.9529999999999998,[20.03164123]
1.9609999999999999,[19.45371319]
1.9689999999999999,[18.87098504]
1.9769999999999999,[17.18386923]
1.9849999999999999,[14.67223661]
1.9929999999999999,[12.72754915]
2.001,[10.89409076]
2.009,[9.32125939]
2.017,[8.5715056]
2.025,[7.74171784]
2.033,[6.72311425]
2.041,[5.97768091]
2.049,[4.25207886]
2.057,[2.70159315]
2.065,[2.14674342]
2.073,[1.87176831]
2.081,[2.38259598]
2.089,[2.46793528]
2.097,[1.71901947]
2.105,[1.8718569]
2.113,[2.41857553]
2.121,[2.27651549]
2.129,[1.39886916]
2.137,[0.77330063]
2.145,[0.55892139]
2.153,[1.07300153]
2.161,[1.46641207]
2.169,[0.84538794]
2.177,[-0.02809861]
2.185,[0.35350733]
2.193,[1.65210175]
2.201,[2.28298273]
2.209,[2.29507837]
2.217,[1.50954611]
2.225,[0.88069891]
2.233,[1.56684887]
2.241,[1.60610093]
2.249,[1.11104427]
2.257,[1.28691767]
2.265,[1.77479543]
2.273,[1.69003547]
2.281,[1.39890695]
2.289,[1.71460994]
2.297,[1.710657]
2.305,[0.88390545]
2.313,[0.13078634]
2.321,[0.4955856]
2.329,[1.67944737]
2.337,[2.0355694]
2.3449999999999998,[1.6369731]
2.3529999999999998,[1.55616741]
2.3609999999999998,[1.64936194]
2.3689999999999998,[1.29171261]
2.377,[0.74647738]
2.385,[0.73956785]
2.393,[1.07551365]
2.401,[1.19431024]
2.409,[0.97164552]
2.417,[0.73063267]
2.425,[1.30451106]
2.433,[1.33680441]
2.441,[0.68741772]
2.449,[0.11715165]
2.457,[0.24535608]
2.465,[0.58755031]
2.473,[0.25026588]
2.481,[0.53968251]
2.489,[1.22128937]
2.497,[1.65299819]
2.505,[0.95873405]
2.513,[-0.18810689]
2.521,[0.31189933]
2.529,[1.23716603]
2.537,[1.73486629]
2.545,[1.97515882]
2.553,[1.5599685]
2.561,[0.81348065]
2.569,[0.10891614]
2.577,[0.34240673]
2.585,[0.67238087]
2.593,[0.68565977]
2.601,[0.74191272]
2.609,[0.49147709]
2.617,[0.50644254]
2.625,[0.3532582]
2.633,[0.28258655]
2.641,[-0.06586036]
2.649,[-0.75572768]
2.657,[-0.24459597]
2.665,[0.72277495]
2.673,[1.31191027]
2.681,[1.6601198]
2.689,[1.05008123]
2.697,[0.1775329]
2.705,[0.1503158]
2.713,[0.28743531]
2.721,[1.15716966]
2.729,[4.62591508]
2.737,[7.38932267]
2.745,[7.06976797]
2.753,[5.66651628]
2.761,[5.74988886]
2.769,[4.31180171]
2.777,[2.34678956]
2.785,[2.51096007]
2.793,[2.50787871]
2.801,[2.15538544]
2.809,[4.70295011]
2.817,[15.22149513]
2.825,[24.788853]
2.833,[31.82932557]
2.841,[35.37861662]
2.8489999999999998,[42.57739698]
2.8569999999999998,[53.04933023]
2.8649999999999998,[60.1402738]
2.8729999999999998,[64.12043565]
2.881,[66.07047272]
2.889,[67.02747989]
2.897,[67.62955551]
2.905,[68.08149546]
2.913,[68.72263835]
2.921,[69.08648437]
2.929,[69.00780381]
2.937,[69.08935394]
2.945,[68.96270655]
2.953,[68.27822276]
2.961,[67.65510604]
2.969,[67.38272737]
2.977,[67.08238721]
2.985,[67.42838216]
2.993,[67.45843317]
3.001,[65.62587402]
3.009,[62.82986552]
3.017,[61.71457612]
3.025,[60.8057818]
3.033,[59.68797951]
3.041,[58.70914576]
3.049,[58.51747999]
3.057,[59.32263184]
3.065,[59.99299785]
3.073,[59.88471883]
3.081,[59.92515194]
3.089,[59.99024177]
3.097,[59.36325788]
3.105,[57.9200688]
3.113,[56.5569453]
3.121,[55.7964895]
3.129,[55.28011163]
3.137,[54.7096227]
3.145,[53.54002321]
3.153,[51.92679814]
3.161,[49.57514808]
3.169,[45.88141059]
3.177,[41.53887487]
3.185,[38.49589298]
3.193,[36.78302085]
3.201,[34.97734615]
3.209,[33.14428063]
3.217,[31.79729078]
3.225,[30.87477189]
3.233,[29.91413016]
3.241,[28.34737677]
3.249,[26.59344131]
3.257,[25.16647807]
3.265,[23.67462264]
3.273,[22.26702173]
3.281,[21.20690108]
3.289,[19.58517085]
3.297,[17.41061509]
3.305,[15.75590566]
3.313,[14.28204303]
3.321,[12.64324352]
3.329,[12.2053497]
3.337,[17.01051932]
3.345,[24.7500987]
3.353,[31.73595803]
3.361,[41.98490583]
3.3689999999999998,[50.02461598]
3.377,[55.19652035]
3.385,[58.65576022]
3.393,[61.31121171]
3.401,[63.05762144]
3.409,[64.10152156]
3.417,[65.05010595]
3.425,[66.1638906]
3.433,[67.16743916]
3.441,[67.79635814]
3.449,[68.30699611]
3.457,[68.79438335]
3.465,[69.05444627]
3.473,[69.34758518]
3.481,[69.61415159]
3.489,[69.53057163]
3.497,[69.17480219]
3.505,[68.6205712]
3.513,[68.02973052]
3.521,[67.47833474]
3.529,[66.90854107]
3.537,[66.12601689]
3.545,[65.72852064]
3.553,[66.43103705]
3.561,[67.05401259]
3.569,[67.14024926]
3.577,[66.96556195]
3.585,[66.27117967]
3.593,[64.8302897]
3.601,[62.92625318]
3.609,[61.08274474]
3.617,[59.09984023]
3.625,[56.89042305]
3.633,[54.79285979]
3.641,[52.73612619]
3.649,[50.23711508]
3.657,[47.03063691]
3.665,[45.49643139]
3.673,[48.84712053]
3.681,[51.69949308]
3.689,[53.74015875]
3.697,[55.8407203]
3.705,[57.51985849]
3.713,[58.14826935]
3.721,[58.08961999]
3.729,[58.1272935]
3.737,[59.0293533]
3.745,[59.77113794]
3.753,[59.4721003]
3.761,[58.47318948]
3.769,[56.95440407]
3.777,[60.07867472]
3.785,[64.12060646]
3.793,[65.90740341]
3.801,[66.61787844]
3.809,[66.43722748]
3.817,[65.60364892]
3.825,[65.11569373]
3.833,[65.98335912]
3.841,[67.60277245]
3.849,[69.01223295]
3.857,[69.85248026]
3.865,[69.65700544]
3.8729999999999998,[68.66003928]
3.881,[68.12220694]
3.889,[68.67508637]
3.897,[69.48534467]
3.905,[70.41815402]
3.913,[71.35957672]
3.921,[71.67058092]
3.929,[71.55008696]
3.937,[71.65182709]
3.945,[71.42382225]
3.953,[69.97673947]
3.961,[67.6286574]
3.969,[66.53197178]
3.977,[66.09885926]
3.985,[63.90042645]
3.993,[61.30149238]
4.0009999999999994,[60.97989276]
4.009,[60.66267798]
4.0169999999999995,[59.39845184]
4.025,[58.1220419]
4.0329999999999995,[57.07062405]
4.041,[56.27123854]
4.0489999999999995,[54.70312243]
4.057,[51.96698723]
4.0649999999999995,[52.84069203]
4.073,[57.74915583]
4.0809999999999995,[62.87699571]
4.089,[66.67515814]
4.0969999999999995,[68.81776797]
4.105,[69.79139266]
4.1129999999999995,[70.3936552]
4.121,[71.36707565]
4.129,[72.81794503]
4.1370000000000005,[74.19892969]
4.145,[75.2674898]
4.1530000000000005,[76.07612255]
4.161,[76.49125831]
4.1690000000000005,[76.49716228]
4.177,[76.23748668]
4.1850000000000005,[75.81416161]
4.193,[75.28840604]
4.2010000000000005,[74.81038318]
4.209,[74.44150504]
4.2170000000000005,[74.10339469]
4.225,[73.74760894]
4.2330000000000005,[73.49081723]
4.241,[73.22391052]
4.2490000000000006,[72.59409132]
4.257,[71.32352391]
4.265000000000001,[69.42390844]
4.273,[67.95761359]
4.281000000000001,[67.8080173]
4.289,[66.97795305]
4.297000000000001,[64.841211]
4.305,[64.98221011]
4.313000000000001,[65.63351122]
4.321,[64.27932403]
4.329000000000001,[63.76812205]
4.337,[63.48091256]
4.345000000000001,[63.16872291]
4.353,[63.03994811]
4.361000000000001,[62.86505554]
4.369,[63.61698755]
4.377000000000001,[64.82253156]
4.385,[65.42242787]
4.393000000000001,[65.36937333]
4.401,[65.29616786]
4.409000000000001,[66.02710587]
4.417,[68.4885364]
4.425000000000001,[70.58309101]
4.433,[71.43444552]
4.441000000000001,[71.43062305]
4.449,[71.66284952]
4.457000000000001,[72.76599379]
4.465,[74.16390643]
4.473000000000001,[75.74060515]
4.481,[77.09412829]
4.489000000000001,[78.02067497]
4.497,[78.61666923]
4.505000000000001,[79.21235077]
4.513,[79.69000642]
4.521000000000001,[79.89956303]
4.529,[79.92275596]
4.537000000000001,[79.61620993]
4.545,[78.56505244]
4.553000000000001,[76.32173577]
4.561,[72.91274167]
4.569000000000001,[69.48011115]
4.577,[67.84733761]
4.585000000000001,[68.0211241]
4.593,[68.24235138]
4.601000000000001,[68.12817629]
4.609,[67.76370913]
4.617000000000001,[67.12078171]
4.625,[66.12903238]
4.633000000000001,[64.64378549]
4.641,[62.96122932]
4.648999999999999,[61.27986252]
4.657,[59.93445841]
4.664999999999999,[58.32064676]
4.673,[56.54839402]
4.680999999999999,[55.21080826]
4.689,[54.14176932]
4.696999999999999,[54.72889599]
4.705,[58.12411251]
4.712999999999999,[61.9483727]
4.721,[64.5552277]
4.728999999999999,[66.08465949]
4.737,[66.58694591]
4.744999999999999,[66.01551937]
4.753,[64.7565577]
4.760999999999999,[63.0979794]
4.769,[61.07883897]
4.776999999999999,[60.3614112]
4.785,[60.63403066]
4.792999999999999,[60.28962928]
4.801,[59.67678286]
4.808999999999999,[59.7715078]
4.817,[59.48999762]
4.824999999999999,[58.77925143]
4.833,[58.4704463]
4.840999999999999,[58.35220704]
4.849,[57.72814597]
4.856999999999999,[57.24024498]
4.865,[57.37033137]
4.872999999999999,[57.86974199]
4.881,[59.87807064]
4.888999999999999,[61.42997274]
4.897,[61.75002763]
4.904999999999999,[61.79495768]
4.913,[62.88536709]
4.920999999999999,[65.17091785]
4.929,[68.13187734]
4.936999999999999,[70.43263454]
4.945,[71.33310121]
4.952999999999999,[70.98654853]
4.961,[70.21899279]
4.968999999999999,[69.69408518]
4.977,[69.94788459]
4.984999999999999,[70.83283715]
4.993,[71.56003781]
5.0009999999999994,[71.27313916]
5.009,[69.68675504]
5.0169999999999995,[67.00003734]
5.025,[63.84240123]
5.0329999999999995,[60.3340189]
5.041,[56.31881962]
5.0489999999999995,[54.72779598]
5.057,[55.45858927]
5.0649999999999995,[56.70413622]
5.073,[57.84040123]
5.0809999999999995,[57.96336988]
5.089,[56.46369745]
5.0969999999999995,[53.43878279]
5.105,[49.36021069]
5.1129999999999995,[44.80095982]
5.121,[42.12905094]
5.129,[41.95253689]
5.1370000000000005,[42.00500123]
5.145,[42.32046965]
5.1530000000000005,[43.73819696]
5.161,[44.5533188]
5.1690000000000005,[43.59172041]
5.177,[40.751188]
5.1850000000000005,[36.53072057]
5.193,[32.04364063]
5.2010000000000005,[28.93827284]
5.209,[28.40365546]
5.2170000000000005,[27.99069372]
5.225,[26.99771701]
5.2330000000000005,[25.3367393]
5.241,[24.62179762]
5.2490000000000006,[23.87842526]
5.257,[21.40372247]
5.265000000000001,[18.90828392]
5.273,[17.18262834]
5.281000000000001,[14.87329285]
5.289,[12.45904027]
5.297000000000001,[11.16558035]
5.305,[11.86443447]
5.313000000000001,[11.98153425]
5.321,[10.87968394]
5.329000000000001,[11.40394746]
5.337,[12.96148331]
5.345000000000001,[13.19639594]
5.353,[11.50095401]
5.361000000000001,[8.97561581]
5.369,[6.9546575]
5.377000000000001,[5.78482587]
5.385,[6.09657534]
5.393000000000001,[7.17345403]
5.401,[7.85569643]
5.409000000000001,[7.69354352]
5.417,[7.43004516]
5.425000000000001,[7.79835794]
5.433,[8.90518483]
5.441000000000001,[8.77280264]
5.449,[6.89853781]
5.457000000000001,[5.65278749]
5.465,[5.58100176]
5.473000000000001,[6.07320126]
5.481,[6.87960297]
5.489000000000001,[6.05218795]
5.497,[4.30211304]
5.505000000000001,[3.24278644]
5.513,[2.83290882]
5.521000000000001,[3.66403435]
5.529,[4.1673303]
5.537000000000001,[3.96576654]
5.545,[4.1360118]
5.553000000000001,[4.18029356]
5.561,[3.69504376]
5.569000000000001,[2.6577575]
5.577,[2.32651988]
5.585000000000001,[2.28802483]
5.593,[2.01316725]
5.601000000000001,[2.51724148]
5.609,[2.48906616]
5.617000000000001,[2.04024805]
5.625,[2.82073224]
5.633000000000001,[3.45187966]
5.641,[2.97997421]
5.649000000000001,[2.74507347]
5.657,[2.69374541]
5.664999999999999,[2.36683011]
5.673,[2.32021195]
5.680999999999999,[2.1148585]
5.689,[1.8959986]
5.696999999999999,[2.10733754]
5.705,[2.091902]
5.712999999999999,[1.91061709]
5.721,[1.90535172]
5.728999999999999,[2.33318735]
5.737,[2.95914777]
5.744999999999999,[3.44656474]
5.753,[3.35976513]
5.760999999999999,[2.56212508]
5.769,[2.63516707]
5.776999999999999,[3.3249089]
5.785,[3.7209574]
5.792999999999999,[3.23639547]
5.801,[2.76212008]
5.808999999999999,[3.02279896]
5.817,[3.25414933]
5.824999999999999,[2.96878827]
5.833,[2.56253516]
5.840999999999999,[2.50639202]
5.849,[2.75866798]
5.856999999999999,[2.82692741]
5.865,[2.17812927]
5.872999999999999,[1.76984336]
5.881,[2.65628997]
5.888999999999999,[4.76190976]
5.897,[15.27326579]
5.904999999999999,[25.79524798]
5.913,[33.55242177]
5.920999999999999,[42.24388087]
5.929,[48.71190018]
5.936999999999999,[52.69334689]
5.945,[55.30125739]
5.952999999999999,[57.3885128]
5.961,[59.73381271]
5.968999999999999,[61.58229623]
5.977,[62.50662301]
5.984999999999999,[63.1084294]
5.993,[64.02026095]
6.0009999999999994,[65.08228068]
6.009,[65.9068502]
6.0169999999999995,[66.41148047]
6.025,[66.91073195]
6.0329999999999995,[67.52019582]
6.041,[67.8988818]
6.0489999999999995,[67.87783356]
6.057,[67.44252367]
6.0649999999999995,[66.7981384]
6.073,[66.34089827]
6.0809999999999995,[66.23210326]
6.089,[66.52312781]
6.0969999999999995,[66.77231658]
6.105,[66.86094847]
6.1129999999999995,[66.83912407]
6.121,[66.72080429]
6.129,[66.15108608]
6.1370000000000005,[64.15886502]
6.145,[60.70491024]
6.1530000000000005,[58.06575753]
6.161,[58.69990984]
6.1690000000000005,[59.72011135]
6.177,[60.0448079]
6.1850000000000005,[59.55610214]
6.193,[58.41027629]
6.2010000000000005,[56.5326084]
6.209,[54.4005902]
6.2170000000000005,[52.26484259]
6.225,[50.57728551]
6.2330000000000005,[48.69253449]
6.241,[46.55822158]
6.2490000000000006,[44.58416309]
6.257,[42.90064745]
6.265000000000001,[41.11835544]
6.273,[39.16540209]
6.281000000000001,[37.37035057]
6.289,[35.99518649]
6.297000000000001,[34.68753414]
6.305,[33.50061958]
6.313000000000001,[32.90754188]
6.321,[31.92645129]
6.329000000000001,[30.44497056]
6.337,[28.96168588]
6.345000000000001,[27.26001769]
6.353,[28.20589696]
6.361000000000001,[37.5908051]
6.369,[46.47904686]
6.377000000000001,[52.43884756]
6.385,[56.06553153]
6.393000000000001,[58.18684074]
6.401,[59.44460381]
6.409000000000001,[60.2519357]
6.417,[60.90434442]
6.425000000000001,[61.39906734]
6.433,[61.59180118]
6.441000000000001,[61.53889247]
6.449,[60.9650537]
6.457000000000001,[59.75595857]
6.465,[60.29059202]
6.473000000000001,[62.77492979]
6.481,[64.14502543]
6.489000000000001,[63.74297865]
6.497,[61.75384041]
6.505000000000001,[58.37259623]
6.513,[54.24993198]
6.521000000000001,[52.51024533]
6.529,[54.16181619]
6.537000000000001,[58.08470764]
6.545,[61.20730827]
6.553000000000001,[62.0519046]
6.561,[61.45433314]
6.569000000000001,[60.29321128]
6.577,[57.57036928]
6.585000000000001,[52.20598832]
6.593,[47.96048438]
6.601000000000001,[51.02653158]
6.609,[53.47319707]
6.617000000000001,[55.2241436]
6.625,[57.54997747]
6.633000000000001,[64.16903986]
6.641,[69.79736943]
6.649000000000001,[72.43156104]
6.657,[73.40848918]
6.665000000000001,[73.74442556]
6.673,[73.69096291]
6.681000000000001,[73.44131258]
6.689,[73.32316886]
6.696999999999999,[73.49458454]
6.705,[73.61237602]
6.712999999999999,[73.41268538]
6.721,[73.0375896]
6.728999999999999,[72.45623315]
6.737,[70.98408265]
6.744999999999999,[67.9947808]
6.753,[65.12073082]
6.760999999999999,[63.82855309]
6.769,[63.00419263]
6.776999999999999,[61.18958223]
6.785,[58.95396541]
6.792999999999999,[58.3867379]
6.801,[58.00250466]
6.808999999999999,[57.53651955]
6.817,[57.09889008]
6.824999999999999,[56.7601034]
6.833,[55.90891153]
6.840999999999999,[55.62187699]
6.849,[56.17881398]
6.856999999999999,[56.92331054]
6.865,[57.22732037]
6.872999999999999,[56.68861586]
6.881,[55.36991918]
6.888999999999999,[54.81413884]
6.897,[60.2389741]
6.904999999999999,[64.69363504]
6.913,[67.0528165]
6.920999999999999,[68.72821368]
6.929,[69.86811261]
6.936999999999999,[70.27470105]
6.945,[70.26920796]
6.952999999999999,[70.08259549]
6.961,[69.82043949]
6.968999999999999,[69.53598173]
6.977,[69.41906812]
6.984999999999999,[69.42448398]
6.993,[69.33163071]
7.0009999999999994,[69.25291615]
7.009,[69.75063925]
7.0169999999999995,[70.97362183]
7.025,[71.86359022]
7.0329999999999995,[72.33249892]
7.041,[72.69462597]
7.0489999999999995,[72.83535041]
7.057,[72.30917924]
7.0649999999999995,[70.56605596]
7.073,[66.80337266]
7.0809999999999995,[60.45252623]
7.089,[55.2427136]
7.0969999999999995,[56.46252813]
7.105,[56.69276125]
7.1129999999999995,[54.60867564]
7.121,[51.40463121]
7.129,[50.55896687]
7.1370000000000005,[50.48243439]
7.145,[48.60498511]
7.1530000000000005,[45.11842124]
7.161,[40.99078366]
7.1690000000000005,[37.59183001]
7.177,[37.292808]
7.1850000000000005,[39.27751045]
7.193,[40.35068408]
7.2010000000000005,[39.8943466]
7.209,[37.76304693]
7.2170000000000005,[34.17821581]
7.225,[30.83716459]
7.2330000000000005,[28.83424626]
7.241,[26.59942324]
7.2490000000000006,[23.14014818]
7.257,[18.8752617]
7.265000000000001,[14.63402256]
7.273,[13.1278799]
7.281000000000001,[13.29397125]
7.289,[12.88672543]
7.297000000000001,[11.10351879]
7.305,[9.41836291]
7.313000000000001,[9.17030037]
7.321,[7.8868138]
7.329000000000001,[6.42576531]
7.337,[6.52292633]
7.345000000000001,[6.64026293]
7.353,[5.56609584]
7.361000000000001,[4.96425683]
7.369,[5.32526326]
7.377000000000001,[4.55140337]
7.385,[3.2240897]
7.393000000000001,[2.51846726]
7.401,[2.36472133]
7.409000000000001,[2.32513813]
7.417,[1.94840509]
7.425000000000001,[1.99959916]
7.433,[2.31203498]
7.441000000000001,[1.97466189]
7.449,[1.27776615]
7.457000000000001,[1.0327867]
7.465,[2.06380677]
7.473000000000001,[3.7931841]
7.481,[4.14580361]
7.489000000000001,[3.21680428]
7.497,[3.03135465]
7.505000000000001,[4.45350887]
7.513,[12.37839919]
7.521000000000001,[22.65946651]
7.529,[33.69327072]
7.537000000000001,[40.96780646]
7.545,[49.77226208]
7.553000000000001,[56.83647028]
7.561,[61.11619481]
7.569000000000001,[63.38498226]
7.577,[64.28586722]
7.585000000000001,[64.12389671]
7.593,[63.75988485]
7.601000000000001,[63.45462309]
7.609,[62.7398669]
7.617000000000001,[61.58995664]
7.625,[60.36737895]
7.633000000000001,[60.29046976]
7.641,[61.26431954]
7.649000000000001,[62.22376746]
7.657,[63.01938808]
7.665000000000001,[63.25638237]
7.673,[63.12909106]
7.681000000000001,[63.02091002]
7.689,[62.96960626]
7.697000000000001,[62.82313724]
7.705,[62.20777557]
7.712999999999999,[60.83402112]
7.721,[58.89471801]
7.728999999999999,[57.29499537]
7.737,[56.17726662]
7.744999999999999,[59.07141993]
7.753,[64.4638941]
7.760999999999999,[67.94615763]
7.769,[70.2627813]
7.776999999999999,[72.11869968]
7.785,[73.38384367]
7.792999999999999,[74.1159186]
7.801,[74.29835326]
7.808999999999999,[74.45123976]
7.817,[75.00721221]
7.824999999999999,[74.82481015]
7.833,[74.3857991]
7.840999999999999,[74.86040826]
7.849,[74.97412863]
7.856999999999999,[74.65149506]
7.865,[74.78999244]
7.872999999999999,[75.19457015]
7.881,[75.27470579]
7.888999999999999,[74.84969548]
7.897,[74.61284247]
7.904999999999999,[75.23570022]
7.913,[76.01893207]
7.920999999999999,[76.62974187]
7.929,[77.15825334]
7.936999999999999,[77.46526365]
7.945,[77.4953142]
7.952999999999999,[77.27534186]
7.961,[76.87741092]
7.968999999999999,[76.45062713]
7.977,[75.93008658]
7.984999999999999,[75.13966134]
7.993,[73.83799934]
8.001,[71.82759892]
8.009,[69.67470213]
8.017,[69.29773566]
8.025,[69.61198562]
8.033,[68.95075672]
8.041,[69.14927752]
8.049,[69.67588781]
8.057,[68.88474132]
8.065,[68.66603753]
8.073,[69.93692345]
8.081,[71.67379546]
8.089,[72.61016968]
8.097,[72.8417368]
8.105,[72.51650916]
8.113,[71.82929204]
8.121,[71.60564699]
8.129,[71.63089578]
8.137,[71.69015208]
8.145,[71.89974435]
8.153,[72.22843047]
8.161,[72.47471875]
8.169,[72.34638983]
8.177,[72.0888004]
8.185,[71.88765358]
8.193,[71.43884435]
8.201,[70.86383423]
8.209,[70.32598612]
8.217,[69.51154067]
8.225,[68.40092586]
8.232999999999999,[67.1563791]
8.241,[65.8538272]
8.248999999999999,[64.81330705]
8.257,[64.5841334]
8.264999999999999,[65.46186945]
8.273,[66.43510824]
8.280999999999999,[66.91255563]
8.289,[67.50194358]
8.296999999999999,[67.65893982]
8.305,[66.49395759]
8.312999999999999,[65.30396109]
8.321,[63.29454744]
8.328999999999999,[59.50494876]
8.337,[56.93999742]
8.344999999999999,[58.06082142]
8.353,[60.22531117]
8.360999999999999,[60.89502912]
8.369,[61.92888709]
8.376999999999999,[64.47220592]
8.385,[67.48926943]
8.392999999999999,[69.95203404]
8.401,[71.42257078]
8.408999999999999,[71.7725783]
8.417,[71.47193038]
8.424999999999999,[71.38902011]
8.433,[71.28864834]
8.440999999999999,[70.37262751]
8.449,[68.1048924]
8.456999999999999,[65.15282231]
8.465,[65.08029292]
8.472999999999999,[66.00869359]
8.481,[66.10683935]
8.488999999999999,[66.3017533]
8.497,[66.4188684]
8.504999999999999,[65.44365264]
8.513,[63.35792405]
8.520999999999999,[62.97579519]
8.529,[64.82522721]
8.536999999999999,[65.60691969]
8.545,[65.49655915]
8.552999999999999,[64.03189962]
8.561,[60.15493748]
8.568999999999999,[56.34341748]
8.577,[54.31177264]
8.584999999999999,[50.92972853]
8.593,[49.35755556]
8.600999999999999,[49.62251655]
8.609,[47.64952427]
8.616999999999999,[44.36617669]
8.625,[42.13061469]
8.633,[41.13832104]
8.641,[43.76977843]
8.649,[47.89211813]
8.657,[56.89884129]
8.665,[64.98075906]
8.673,[70.30525204]
8.681,[73.89818684]
8.689,[76.47682478]
8.697,[78.06561713]
8.705,[78.9226406]
8.713,[79.52295096]
8.721,[80.21672668]
8.729,[81.04531185]
8.737,[81.78938906]
8.745,[82.10150576]
8.753,[81.91357131]
8.761,[81.7693773]
8.769,[82.04900525]
8.777,[82.52178863]
8.785,[82.886743]
8.793,[82.98685474]
8.801,[82.94787698]
8.809,[82.83649773]
8.817,[82.34778617]
8.825,[80.95838906]
8.833,[78.62946003]
8.841,[76.66750374]
8.849,[75.20534063]
8.857,[73.6993924]
8.865,[73.90806883]
8.873,[74.55154367]
8.881,[74.13614331]
8.889,[73.08530745]
8.897,[71.52219339]
8.905,[69.09510034]
8.913,[65.91574333]
8.921,[62.5121668]
8.929,[60.37063055]
8.937,[60.54604763]
8.945,[61.45887009]
8.953,[61.58287403]
8.961,[61.38429407]
8.969,[61.53149134]
8.977,[64.32390494]
8.985,[67.69664009]
8.993,[68.95209004]
9.001,[68.68763517]
9.009,[68.03045084]
9.017,[67.71379669]
9.025,[67.67530256]
9.033,[67.56839407]
9.041,[67.53286461]
9.049,[67.8276791]
9.057,[68.27269639]
9.065,[68.61098021]
9.073,[68.8574335]
9.081,[68.97546166]
9.089,[68.70263826]
9.097,[67.89986253]
9.105,[66.36079834]
9.113,[64.35402791]
9.121,[62.93178805]
9.129,[62.84668444]
9.137,[63.75129905]
9.145,[64.97059963]
9.153,[66.00034374]
9.161,[66.64350672]
9.169,[66.98423857]
9.177,[67.04965125]
9.185,[66.64991781]
9.193,[65.69911904]
9.201,[64.14398924]
9.209,[61.79127675]
9.217,[58.78771838]
9.225,[55.81463264]
9.233,[55.78494159]
9.241,[57.28600751]
9.249,[57.0620533]
9.257,[55.27290076]
9.264999999999999,[52.93702744]
9.273,[49.80578974]
9.280999999999999,[45.12726863]
9.289,[40.54234266]
9.296999999999999,[39.55830094]
9.305,[39.97875995]
9.312999999999999,[39.94000876]
9.321,[38.33264382]
9.328999999999999,[35.84636316]
9.337,[32.90856864]
9.344999999999999,[30.64555429]
9.353,[30.78798921]
9.360999999999999,[31.42616184]
9.369,[31.92828572]
9.376999999999999,[31.91878799]
9.385,[31.16848384]
9.392999999999999,[30.00788461]
9.401,[28.28285874]
9.408999999999999,[25.79622498]
9.417,[23.28651593]
9.424999999999999,[22.71616414]
9.433,[21.76159819]
9.440999999999999,[19.61620146]
9.449,[18.03155519]
9.456999999999999,[15.70062844]
9.465,[11.98709618]
9.472999999999999,[9.28853107]
9.481,[8.51375169]
9.488999999999999,[8.40032466]
9.497,[7.38386386]
9.504999999999999,[6.19855136]
9.513,[5.24896954]
9.520999999999999,[4.10480739]
9.529,[3.29289086]
9.536999999999999,[3.21564961]
9.545,[3.05796864]
9.552999999999999,[2.99364416]
9.561,[3.04170462]
9.568999999999999,[3.22903903]
9.577,[3.31249337]
9.584999999999999,[3.21937568]
9.593,[3.49412202]
9.600999999999999,[3.75805093]
9.609,[3.21236173]
9.616999999999999,[3.39658646]
9.625,[4.34306492]
9.633,[4.33326794]
9.641,[3.84651011]
9.649,[4.16994183]
9.657,[9.39150194]
9.665,[18.53076069]
9.673,[32.18084464]
9.681,[42.72654794]
9.689,[49.36033535]
9.697,[53.25046958]
9.705,[54.40294231]
9.713,[52.66777977]
9.721,[50.43281087]
9.729,[52.80805696]
9.737,[59.96846908]
9.745,[65.444293]
9.753,[68.6802348]
9.761,[70.15607693]
9.769,[70.88862456]
9.777,[71.21047324]
9.785,[70.9241944]
9.793,[70.84197391]
9.801,[70.99837749]
9.809,[70.89258115]
9.817,[70.43865405]
9.825,[69.7090304]
9.833,[69.2228109]
9.841,[69.03855913]
9.849,[68.90294061]
9.857,[68.81576719]
9.865,[68.37153763]
9.873,[67.85819714]
9.881,[67.97120514]
9.889,[68.06984788]
9.897,[67.74818678]
9.905,[67.58825214]
9.913,[67.47369919]
9.921,[66.6163449]
9.929,[64.61402905]
9.937,[61.6192698]
9.945,[58.42001113]
9.953,[56.57297863]
9.961,[56.53836458]
9.969,[56.64033796]
9.977,[56.18555133]
9.985,[55.3548223]
9.993,[54.05073514]
10.001,[52.0837599]
10.009,[50.01895222]
10.017,[48.55992652]
10.025,[46.87223136]
10.033,[43.89535141]
10.041,[39.6568985]
10.049,[34.86583423]
10.057,[31.08278817]
10.065,[29.11024306]
10.073,[28.0320042]
10.081,[27.42392795]
10.089,[29.10835573]
10.097,[35.900641]
10.105,[40.99001487]
10.113,[43.29490209]
10.121,[48.81244373]
10.129,[58.05839889]
10.137,[64.33305327]
10.145,[67.8704265]
10.153,[68.99321293]
10.161,[68.02273038]
10.169,[66.28918074]
10.177,[65.45054919]
10.185,[65.34327535]
10.193,[65.85131385]
10.201,[66.62599379]
10.209,[67.26430966]
10.217,[67.80832551]
10.225,[68.38371644]
10.233,[68.83795819]
10.241,[69.29132015]
10.249,[69.01546169]
10.257,[67.31350785]
10.265,[65.82786005]
10.273,[65.42046192]
10.280999999999999,[64.53327424]
10.289,[63.01241193]
10.296999999999999,[61.75859821]
10.305,[60.58844419]
10.312999999999999,[59.59397145]
10.321,[58.60830099]
10.328999999999999,[56.96404576]
10.337,[54.61338462]
10.344999999999999,[52.41531907]
10.353,[51.48323332]
10.360999999999999,[52.12126263]
10.369,[53.64604557]
10.376999999999999,[55.10023039]
10.385,[55.519067]
10.392999999999999,[54.36099535]
10.401,[52.93142109]
10.408999999999999,[53.14409614]
10.417,[53.90322022]
10.424999999999999,[53.48614491]
10.433,[51.54138125]
10.440999999999999,[47.37664598]
10.449,[41.53108089]
10.456999999999999,[37.05843822]
10.465,[34.64815963]
10.472999999999999,[32.94098524]
10.481,[31.4016593]
10.488999999999999,[29.58103774]
10.497,[27.43369379]
10.504999999999999,[26.36207574]
10.513,[30.2678422]
10.520999999999999,[36.56119091]
10.529,[39.54339311]
10.536999999999999,[38.90363319]
10.545,[36.1195361]
10.552999999999999,[34.26905814]
10.561,[34.73307786]
10.568999999999999,[35.42940682]
10.577,[35.4887821]
10.584999999999999,[35.24656593]
10.593,[34.27379026]
10.600999999999999,[32.40650161]
10.609,[29.65755554]
10.616999999999999,[26.5765846]
10.625,[23.22800553]
10.633,[19.12134824]
10.641,[14.4384978]
10.649,[10.25923198]
10.657,[8.68216613]
10.665,[9.48859297]
10.673,[12.95600229]
10.681,[17.97145071]
10.689,[23.93551805]
10.697,[30.62043293]
10.705,[37.8182068]
10.713,[43.43123195]
10.721,[47.07367218]
10.729,[49.2349745]
10.737,[50.51081458]
10.745,[50.87786851]
10.753,[51.04416842]
10.761,[51.5026343]
10.769,[51.56802521]
10.777,[51.48467393]
10.785,[51.22953312]
10.793,[51.32972263]
10.801,[51.41711522]
10.809,[51.47419526]
10.817,[51.41844324]
10.825,[50.86696091]
10.833,[49.79277446]
10.841,[49.01691443]
10.849,[48.24293761]
10.857,[47.43916342]
10.865,[46.74850715]
10.873,[46.26329386]
10.881,[45.86892593]
10.889,[45.47659741]
10.897,[45.07282168]
10.905,[43.86735761]
10.913,[42.21321695]
10.921,[41.31807718]
10.929,[40.84749637]
10.937,[39.44837706]
10.945,[38.26130786]
10.953,[37.24573151]
10.961,[35.56624689]
10.969,[32.52889581]
10.977,[29.39658493]
10.985,[26.63903487]
10.993,[24.10104349]
11.001,[21.98187238]
11.009,[19.93630721]
11.017,[18.28242337]
11.025,[16.39925247]
11.033,[13.52869279]
11.041,[11.02428874]
11.049,[9.56266187]
11.057,[8.41354968]
11.065,[7.15788539]
11.073,[6.06749526]
11.081,[5.59528815]
11.089,[4.73849995]
11.097,[3.75523039]
11.105,[3.83998067]
11.113,[4.25379639]
11.121,[3.93517517]
11.129,[4.24366285]
11.137,[4.95946917]
11.145,[4.98205496]
11.153,[4.67285749]
11.161,[4.47935217]
11.169,[4.65805628]
11.177,[4.65307923]
11.185,[4.29977687]
11.193,[3.78394001]
11.201,[3.59928451]
11.209,[4.0969895]
11.217,[4.34498537]
11.225,[3.89966598]
11.233,[3.326022]
11.241,[2.9487176]
11.249,[2.93308264]
11.257,[3.34830785]
11.265,[4.01958738]
11.273,[3.86562825]
11.281,[2.84454062]
11.289,[2.80006288]
11.296999999999999,[3.42309177]
11.305,[3.67138213]
11.312999999999999,[3.79604119]
11.321,[4.52225763]
11.328999999999999,[5.75032036]
11.337,[5.91009372]
11.344999999999999,[4.50866182]
11.353,[3.54955277]
11.360999999999999,[3.8631533]
11.369,[4.60849089]
11.376999999999999,[4.94744475]
11.385,[4.81328974]
11.392999999999999,[5.17967057]
11.401,[4.98364]
11.408999999999999,[3.77161441]
11.417,[3.50481134]
11.424999999999999,[3.93365405]
11.433,[4.2280448]
11.440999999999999,[4.51768268]
11.449,[4.6895949]
11.456999999999999,[4.92557964]
11.465,[4.92354394]
11.472999999999999,[4.09016763]
11.481,[3.42585203]
11.488999999999999,[4.1838481]
11.497,[5.22167266]
11.504999999999999,[5.55878281]
11.513,[5.2746041]
11.520999999999999,[4.8955338]
11.529,[4.4389744]
11.536999999999999,[4.50054154]
11.545,[5.14414584]
11.552999999999999,[5.10151179]
11.561,[4.48114594]
11.568999999999999,[4.08614978]
11.577,[3.46794318]
11.584999999999999,[2.81558552]
11.593,[3.13884512]
11.600999999999999,[4.35810514]
11.609,[4.65643568]
11.616999999999999,[4.32096906]
