index,seconds,frequency
0,0.01999999999999968,0.0
1,0.02999999999999968,0.0
2,0.03999999999999968,0.0
3,0.049999999999999684,0.0
4,0.05999999999999968,0.0
5,0.06999999999999969,0.0
6,0.07999999999999968,0.0
7,0.08999999999999969,0.0
8,0.09999999999999969,0.0
9,0.10999999999999968,0.0
10,0.11999999999999969,0.0
11,0.12999999999999967,0.0
12,0.13999999999999968,0.0
13,0.1499999999999997,0.0
14,0.1599999999999997,0.0
15,0.16999999999999968,0.0
16,0.1799999999999997,0.0
17,0.1899999999999997,0.0
18,0.19999999999999968,0.0
19,0.2099999999999997,0.0
20,0.2199999999999997,0.0
21,0.22999999999999968,0.0
22,0.23999999999999969,0.0
23,0.2499999999999997,0.0
24,0.2599999999999997,0.0
25,0.2699999999999997,0.0
26,0.2799999999999997,0.0
27,0.2899999999999997,0.0
28,0.2999999999999997,0.0
29,0.30999999999999966,0.0
30,0.3199999999999997,0.0
31,0.3299999999999997,0.0
32,0.3399999999999997,0.0
33,0.3499999999999997,0.0
34,0.3599999999999997,0.0
35,0.3699999999999997,0.0
36,0.37999999999999967,0.0
37,0.3899999999999997,0.0
38,0.3999999999999997,0.0
39,0.4099999999999997,0.0
40,0.4199999999999997,0.0
41,0.4299999999999997,0.0
42,0.43999999999999967,0.0
43,0.4499999999999997,0.0
44,0.4599999999999997,0.0
45,0.4699999999999997,0.0
46,0.4799999999999997,0.0
47,0.4899999999999997,0.0
48,0.49999999999999967,0.0
49,0.5099999999999997,0.0
50,0.5199999999999997,0.0
51,0.5299999999999997,0.0
52,0.5399999999999997,0.0
53,0.5499999999999997,0.0
54,0.5599999999999997,0.0
55,0.5699999999999997,0.0
56,0.5799999999999997,0.0
57,0.5899999999999997,0.0
58,0.5999999999999996,0.0
59,0.6099999999999997,0.0
60,0.6199999999999997,0.0
61,0.6299999999999997,0.0
62,0.6399999999999997,0.0
63,0.6499999999999997,0.0
64,0.6599999999999997,0.0
65,0.6699999999999997,0.0
66,0.6799999999999997,0.0
67,0.6899999999999997,0.0
68,0.6999999999999997,0.0
69,0.7099999999999997,0.0
70,0.7199999999999998,0.0
71,0.7299999999999996,0.0
72,0.7399999999999997,0.0
73,0.7499999999999997,0.0
74,0.7599999999999997,0.0
75,0.7699999999999997,0.0
76,0.7799999999999997,0.0
77,0.7899999999999997,0.0
78,0.7999999999999997,0.0
79,0.8099999999999997,0.0
80,0.8199999999999997,0.0
81,0.8299999999999997,0.0
82,0.8399999999999997,0.0
83,0.8499999999999998,0.0
84,0.8599999999999997,0.0
85,0.8699999999999997,0.0
86,0.8799999999999997,0.0
87,0.8899999999999997,0.0
88,0.8999999999999997,0.0
89,0.9099999999999997,0.0
90,0.9199999999999997,0.0
91,0.9299999999999997,0.0
92,0.9399999999999997,0.0
93,0.9499999999999997,0.0
94,0.9599999999999997,0.0
95,0.9699999999999998,0.0
96,0.9799999999999996,0.0
97,0.9899999999999997,0.0
98,0.9999999999999997,0.0
99,1.0099999999999996,0.0
100,1.0199999999999996,0.0
101,1.0299999999999996,0.0
102,1.0399999999999996,0.0
103,1.0499999999999996,0.0
104,1.0599999999999996,0.0
105,1.0699999999999996,0.0
106,1.0799999999999996,0.0
107,1.0899999999999996,0.0
108,1.0999999999999996,0.0
109,1.1099999999999997,0.0
110,1.1199999999999997,0.0
111,1.1299999999999997,0.0
112,1.1399999999999997,0.0
113,1.1499999999999997,0.0
114,1.1599999999999997,0.0
115,1.1699999999999997,0.0
116,1.1799999999999995,0.0
117,1.1899999999999995,0.0
118,1.1999999999999995,0.0
119,1.2099999999999995,0.0
120,1.2199999999999995,0.0
121,1.2299999999999995,0.0
122,1.2399999999999995,0.0
123,1.2499999999999996,0.0
124,1.2599999999999996,0.0
125,1.2699999999999996,0.0
126,1.2799999999999996,0.0
127,1.2899999999999996,0.0
128,1.2999999999999996,0.0
129,1.3099999999999996,0.0
130,1.3199999999999996,0.0
131,1.3299999999999996,362.9946177244227
132,1.3399999999999996,373.04311743213225
133,1.3499999999999996,381.53300183120336
134,1.3599999999999997,386.3838494435066
135,1.3699999999999997,389.3599320062499
136,1.3799999999999997,391.6119750917199
137,1.3899999999999997,394.2891098839969
138,1.3999999999999997,396.47917311657153
139,1.4099999999999997,398.626985538108
140,1.4199999999999997,400.6800202016756
141,1.4299999999999995,401.54000883516034
142,1.4399999999999995,401.570907443754
143,1.4499999999999995,399.8836203864926
144,1.4599999999999995,397.04585757927794
145,1.4699999999999995,392.80584630205374
146,1.4799999999999995,387.1780992287078
147,1.4899999999999995,384.6325564881761
148,1.4999999999999996,382.96568633673485
149,1.5099999999999996,380.00947420206734
150,1.5199999999999996,381.4869433424118
151,1.5299999999999996,386.34784766382285
152,1.5399999999999996,391.4142839346666
153,1.5499999999999996,397.4435054020193
154,1.5599999999999996,402.85514848135
155,1.5699999999999996,409.1875411345527
156,1.5799999999999996,415.2187180971171
157,1.5899999999999996,419.0029811635561
158,1.5999999999999996,421.8814551194218
159,1.6099999999999997,422.8215821771967
160,1.6199999999999997,420.4807206365629
161,1.6299999999999997,417.0097833958152
162,1.6399999999999997,411.87458693198624
163,1.6499999999999997,405.3647749001802
164,1.6599999999999997,404.0769941448686
165,1.6699999999999997,404.0934167007836
166,1.6799999999999997,403.21747106046075
167,1.6899999999999995,401.1025979577341
168,1.6999999999999995,393.73770767857184
169,1.7099999999999995,391.8633967141468
170,1.7199999999999995,397.032590966918
171,1.7299999999999995,399.1830118567181
172,1.7399999999999995,403.5067181495772
173,1.7499999999999996,409.31741919954874
174,1.7599999999999996,414.5584160018473
175,1.7699999999999996,420.09046927026515
176,1.7799999999999996,425.9161090910364
177,1.7899999999999996,428.251349811894
178,1.7999999999999996,425.26178827801687
179,1.8099999999999996,419.95349631635764
180,1.8199999999999996,410.4596000737257
181,1.8299999999999996,398.2897410442263
182,1.8399999999999996,399.5495704125937
183,1.8499999999999996,400.69547248644034
184,1.8599999999999997,400.5178998416851
185,1.8699999999999997,395.02849695069796
186,1.8799999999999997,399.03082577468837
187,1.8899999999999997,400.6529190218077
188,1.8999999999999997,399.0268867755465
189,1.9099999999999997,401.3204372533437
190,1.9199999999999997,406.29639749893846
191,1.9299999999999997,409.5952785368653
192,1.9399999999999995,411.1515642036575
193,1.9499999999999995,411.69905734905143
194,1.9599999999999995,411.156280050747
195,1.9699999999999995,409.4676001291746
196,1.9799999999999995,408.58008894908545
197,1.9899999999999995,409.22418561808354
198,1.9999999999999996,410.03117788259243
199,2.01,411.7450798033947
200,2.0199999999999996,414.3285899757908
201,2.03,417.72953086994346
202,2.0399999999999996,422.3820224279794
203,2.05,428.91523208660857
204,2.0599999999999996,428.26800714165574
205,2.0699999999999994,422.77742557151043
206,2.0799999999999996,418.75586693893706
207,2.0899999999999994,408.3851809857519
208,2.0999999999999996,385.59789840026855
209,2.1099999999999994,385.950787868092
210,2.1199999999999997,422.28803605457813
211,2.1299999999999994,422.64130249940104
212,2.1399999999999997,424.00799712990136
213,2.1499999999999995,425.24969206991824
214,2.1599999999999997,433.6063129762336
215,2.1699999999999995,434.84164372687167
216,2.1799999999999997,0.0
217,2.1899999999999995,0.0
218,2.1999999999999997,0.0
219,2.2099999999999995,0.0
220,2.2199999999999998,0.0
221,2.2299999999999995,0.0
222,2.2399999999999998,0.0
223,2.2499999999999996,0.0
224,2.26,0.0
225,2.2699999999999996,0.0
226,2.28,0.0
227,2.2899999999999996,0.0
228,2.3,0.0
229,2.3099999999999996,0.0
230,2.32,0.0
231,2.3299999999999996,0.0
232,2.3399999999999994,0.0
233,2.3499999999999996,0.0
234,2.3599999999999994,0.0
235,2.3699999999999997,0.0
236,2.3799999999999994,0.0
237,2.3899999999999997,0.0
238,2.3999999999999995,0.0
239,2.4099999999999997,0.0
240,2.4199999999999995,0.0
241,2.4299999999999997,0.0
242,2.4399999999999995,0.0
243,2.4499999999999997,0.0
244,2.4599999999999995,0.0
245,2.4699999999999998,0.0
246,2.4799999999999995,0.0
247,2.4899999999999998,0.0
248,2.4999999999999996,0.0
249,2.51,0.0
250,2.5199999999999996,0.0
251,2.53,0.0
252,2.5399999999999996,0.0
253,2.55,0.0
254,2.5599999999999996,0.0
255,2.57,0.0
256,2.5799999999999996,0.0
257,2.5899999999999994,0.0
258,2.5999999999999996,0.0
259,2.6099999999999994,0.0
260,2.6199999999999997,0.0
261,2.6299999999999994,0.0
262,2.6399999999999997,0.0
263,2.6499999999999995,0.0
264,2.6599999999999997,0.0
265,2.6699999999999995,0.0
266,2.6799999999999997,0.0
267,2.6899999999999995,0.0
268,2.6999999999999997,0.0
269,2.7099999999999995,337.85335818607103
270,2.7199999999999998,336.45681153693135
271,2.7299999999999995,339.5933524419841
272,2.7399999999999998,348.47745106013735
273,2.7499999999999996,356.56509557549566
274,2.76,361.25861202895106
275,2.7699999999999996,363.25677850371164
276,2.78,365.2976477229321
277,2.7899999999999996,368.2002760680816
278,2.8,370.53625500783295
279,2.8099999999999996,369.1496395729949
280,2.82,365.2992022926168
281,2.8299999999999996,361.500389399831
282,2.8399999999999994,357.46757927211337
283,2.8499999999999996,354.52404615794677
284,2.8599999999999994,353.1399307291442
285,2.8699999999999997,352.74437580483306
286,2.8799999999999994,352.2061243216231
287,2.8899999999999997,350.44802221505176
288,2.8999999999999995,346.5724984509713
289,2.9099999999999997,349.36500559927475
290,2.9199999999999995,355.28657295003467
291,2.9299999999999997,358.5129450850372
292,2.9399999999999995,361.4931970216276
293,2.9499999999999997,365.44041674103585
294,2.9599999999999995,370.63083308433175
295,2.9699999999999998,377.83542768493857
296,2.9799999999999995,381.57968690661374
297,2.9899999999999998,377.79400826686884
298,2.9999999999999996,377.73695569668087
299,3.01,379.607365105443
300,3.0199999999999996,378.1418929109538
301,3.03,375.78658205986414
302,3.0399999999999996,375.1189519836989
303,3.05,376.11430020280255
304,3.0599999999999996,376.0246155572296
305,3.07,374.19766402551784
306,3.0799999999999996,372.78277710826546
307,3.09,372.5227320948308
308,3.0999999999999996,372.8232832594541
309,3.1099999999999994,372.9210222031123
310,3.1199999999999997,372.7155772227333
311,3.1299999999999994,373.55859308420855
312,3.1399999999999997,374.23401910939936
313,3.1499999999999995,374.5952323070589
314,3.1599999999999997,375.064392521452
315,3.1699999999999995,375.53530425695817
316,3.1799999999999997,375.9868228354241
317,3.1899999999999995,377.0908457363485
318,3.1999999999999997,378.43673235043224
319,3.2099999999999995,378.85116478645557
320,3.2199999999999998,378.33094816500255
321,3.2299999999999995,376.54384592777023
322,3.2399999999999998,371.8053083214363
323,3.2499999999999996,363.0081276015425
324,3.26,353.30291331651915
325,3.2699999999999996,346.84068411194437
326,3.28,340.52001594466674
327,3.2899999999999996,346.67740557406006
328,3.3,345.40467582736227
329,3.3099999999999996,354.41601370181
330,3.32,355.09662583808796
331,3.3299999999999996,356.1647141748408
332,3.34,369.36585516853535
333,3.3499999999999996,0.0
334,3.3599999999999994,0.0
335,3.3699999999999997,0.0
336,3.3799999999999994,0.0
337,3.3899999999999997,0.0
338,3.3999999999999995,0.0
339,3.4099999999999997,0.0
340,3.4199999999999995,0.0
341,3.4299999999999997,0.0
342,3.4399999999999995,0.0
343,3.4499999999999997,0.0
344,3.4599999999999995,0.0
345,3.4699999999999998,0.0
346,3.4799999999999995,0.0
347,3.4899999999999998,0.0
348,3.4999999999999996,0.0
349,3.51,0.0
350,3.5199999999999996,0.0
351,3.53,0.0
352,3.5399999999999996,0.0
353,3.55,0.0
354,3.5599999999999996,0.0
355,3.57,0.0
356,3.5799999999999996,0.0
357,3.59,0.0
358,3.5999999999999996,0.0
359,3.6099999999999994,0.0
360,3.6199999999999997,0.0
361,3.6299999999999994,0.0
362,3.6399999999999997,0.0
363,3.6499999999999995,0.0
364,3.6599999999999997,0.0
365,3.6699999999999995,0.0
366,3.6799999999999997,0.0
367,3.6899999999999995,0.0
368,3.6999999999999997,0.0
369,3.7099999999999995,0.0
370,3.7199999999999998,0.0
371,3.7299999999999995,0.0
372,3.7399999999999998,0.0
373,3.7499999999999996,0.0
374,3.76,0.0
375,3.7699999999999996,0.0
376,3.78,0.0
377,3.7899999999999996,0.0
378,3.8,0.0
379,3.8099999999999996,0.0
380,3.82,0.0
381,3.8299999999999996,0.0
382,3.84,0.0
383,3.8499999999999996,0.0
384,3.8599999999999994,0.0
385,3.8699999999999997,0.0
386,3.8799999999999994,0.0
387,3.8899999999999997,296.7765315607064
388,3.8999999999999995,293.30663065805834
389,3.9099999999999997,295.2673813327048
390,3.9199999999999995,297.20578336399603
391,3.9299999999999997,298.2000613935481
392,3.9399999999999995,297.45256513700144
393,3.9499999999999997,296.4656951648486
394,3.9599999999999995,296.3993118281943
395,3.9699999999999998,296.55871701097277
396,3.9799999999999995,298.6567878166846
397,3.9899999999999998,302.03650715735245
398,3.9999999999999996,305.4918615117851
399,4.01,304.11543902018633
400,4.02,295.87204540547174
401,4.029999999999999,294.7980571691998
402,4.04,299.020369876989
403,4.05,321.5300878673882
404,4.06,339.7818637956557
405,4.069999999999999,343.0962830273178
406,4.08,350.32862201423427
407,4.09,352.2815599982403
408,4.1,356.1301849731135
409,4.109999999999999,356.99349137015605
410,4.119999999999999,360.06343599905256
411,4.13,363.33125268800205
412,4.14,366.46173504628564
413,4.1499999999999995,364.52422379049017
414,4.159999999999999,358.769877619286
415,4.17,354.117219557499
416,4.18,359.63382714359807
417,4.1899999999999995,357.85233997693837
418,4.199999999999999,354.6674250980675
419,4.21,355.7717249423494
420,4.22,0.0
421,4.2299999999999995,0.0
422,4.239999999999999,0.0
423,4.25,0.0
424,4.26,0.0
425,4.27,0.0
426,4.279999999999999,0.0
427,4.29,0.0
428,4.3,0.0
429,4.31,0.0
430,4.319999999999999,0.0
431,4.33,0.0
432,4.34,0.0
433,4.35,0.0
434,4.359999999999999,0.0
435,4.37,0.0
436,4.38,0.0
437,4.39,0.0
438,4.3999999999999995,445.394644094273
439,4.409999999999999,443.7499204966854
440,4.42,440.9902763392763
441,4.43,444.39284709542375
442,4.4399999999999995,446.5922704967071
443,4.449999999999999,446.65750082110793
444,4.46,443.7825989112068
445,4.47,438.7592563326551
446,4.4799999999999995,424.7322343279338
447,4.489999999999999,414.79149125113685
448,4.5,407.0144990996081
449,4.51,397.4679682799825
450,4.52,392.19186847473026
451,4.529999999999999,385.65050682482286
452,4.54,379.5503153273641
453,4.55,381.10752600676864
454,4.56,382.9356034960132
455,4.569999999999999,380.5049947421002
456,4.58,379.14376535878256
457,4.59,386.40295502608495
458,4.6,388.7044896981983
459,4.609999999999999,386.944758446459
460,4.62,384.1915524576481
461,4.63,381.8365634258765
462,4.64,385.6974133409206
463,4.6499999999999995,386.1866382255824
464,4.659999999999999,386.47022450020864
465,4.67,392.60899405562037
466,4.68,391.9107514035569
467,4.6899999999999995,391.5057061105265
468,4.699999999999999,391.6985474527166
469,4.71,401.0014331209857
470,4.72,404.0765931816957
471,4.7299999999999995,396.16259028260896
472,4.739999999999999,388.9641650700623
473,4.75,0.0
474,4.76,0.0
475,4.77,0.0
476,4.779999999999999,0.0
477,4.79,0.0
478,4.8,0.0
479,4.81,0.0
480,4.819999999999999,0.0
481,4.83,0.0
482,4.84,418.51938002294264
483,4.85,418.2538022878694
484,4.859999999999999,414.50130288797806
485,4.87,410.83520968035566
486,4.88,409.7546972596897
487,4.89,408.8941809770843
488,4.8999999999999995,409.32519847120176
489,4.909999999999999,408.2698158871338
490,4.92,407.40162263425617
491,4.93,407.0942351837869
492,4.9399999999999995,405.11669346076803
493,4.949999999999999,402.09531894854115
494,4.96,398.07502381165847
495,4.97,392.7968972798733
496,4.9799999999999995,388.18387333831095
497,4.989999999999999,390.5365861875687
498,5.0,394.4975940475239
499,5.01,396.3736394613649
500,5.02,396.1300745525581
501,5.029999999999999,394.5915291454343
502,5.04,394.4679452289785
503,5.05,395.20246310041944
504,5.06,394.5862771143087
505,5.069999999999999,392.9076386195849
506,5.08,391.51725095270467
507,5.09,390.8216151115961
508,5.1,390.795365645913
509,5.109999999999999,390.29276518580775
510,5.12,388.4839232084721
511,5.13,386.13487480954285
512,5.14,383.2129306373536
513,5.1499999999999995,380.4017940409353
514,5.159999999999999,380.0082984595724
515,5.17,381.6213524138446
516,5.18,382.91242170396595
517,5.1899999999999995,380.4948680524081
518,5.199999999999999,382.19110874176835
519,5.21,385.03257215535575
520,5.22,384.4391735282581
521,5.2299999999999995,384.95063976562824
522,5.239999999999999,387.5296179336145
523,5.25,387.72415621638345
524,5.26,393.9600513076753
525,5.27,0.0
526,5.279999999999999,0.0
527,5.29,0.0
528,5.3,0.0
529,5.31,0.0
530,5.319999999999999,0.0
531,5.33,0.0
532,5.34,0.0
533,5.35,0.0
534,5.359999999999999,0.0
535,5.37,0.0
536,5.38,0.0
537,5.39,0.0
538,5.3999999999999995,411.03689772286157
539,5.409999999999999,414.7867455834933
540,5.42,418.40087575306444
541,5.43,419.87628367388754
542,5.4399999999999995,423.8720203553366
543,5.449999999999999,425.45992091012664
544,5.46,426.6433474678624
545,5.47,428.7861635436464
546,5.4799999999999995,430.74810928342083
547,5.489999999999999,431.77540962442214
548,5.5,432.27205106263114
549,5.51,431.5787344959095
550,5.52,430.6552111335743
551,5.529999999999999,429.82463958378054
552,5.54,428.73283917045956
553,5.55,426.84973569949864
554,5.56,423.81104428928774
555,5.569999999999999,423.93927326080444
556,5.58,426.58255654235296
557,5.59,427.42173149658583
558,5.6,429.7597963390621
559,5.609999999999999,433.2112762275264
560,5.62,430.8650621919147
561,5.63,425.07820662552274
562,5.64,423.8816012684265
563,5.6499999999999995,424.81245317139536
564,5.659999999999999,425.0288622025665
565,5.67,423.40467298834346
566,5.68,420.8539349398268
567,5.6899999999999995,418.6450359189166
568,5.699999999999999,417.43739835038326
569,5.71,413.3373306378116
570,5.72,410.2840735194991
571,5.7299999999999995,409.03038726987785
572,5.739999999999999,404.8857844696525
573,5.75,402.57143012270313
574,5.76,395.4201136934267
575,5.77,388.4366769205549
576,5.779999999999999,391.3264154943812
577,5.79,0.0
578,5.8,0.0
579,5.81,0.0
580,5.819999999999999,0.0
581,5.83,0.0
582,5.84,0.0
583,5.85,0.0
584,5.859999999999999,0.0
585,5.87,0.0
586,5.88,0.0
587,5.89,0.0
588,5.8999999999999995,0.0
589,5.909999999999999,0.0
590,5.92,0.0
591,5.93,0.0
592,5.9399999999999995,0.0
593,5.949999999999999,0.0
594,5.96,0.0
595,5.97,0.0
596,5.9799999999999995,0.0
597,5.989999999999999,0.0
598,6.0,0.0
599,6.01,0.0
600,6.02,0.0
601,6.029999999999999,0.0
602,6.04,0.0
603,6.05,398.92476443956485
604,6.06,397.05110227768364
605,6.069999999999999,394.94749663857624
606,6.08,393.71762171297934
607,6.09,395.3937133126478
608,6.1,396.5175568797295
609,6.109999999999999,395.81346130428625
610,6.12,394.9409353980092
611,6.13,394.48592446077873
612,6.14,394.8465520189506
613,6.1499999999999995,396.44051428962337
614,6.16,396.7050538559792
615,6.17,394.7303990996262
616,6.18,395.80798220003976
617,6.1899999999999995,0.0
618,6.199999999999999,0.0
619,6.21,0.0
620,6.22,0.0
621,6.2299999999999995,0.0
622,6.239999999999999,396.5777724679743
623,6.25,398.22041617190905
624,6.26,399.81989171611167
625,6.27,401.0272320027859
626,6.279999999999999,401.74081638598255
627,6.29,403.01184152878614
628,6.3,402.7978563022692
629,6.31,399.71023284853845
630,6.319999999999999,399.54887307064314
631,6.33,0.0
632,6.34,0.0
633,6.35,0.0
634,6.359999999999999,0.0
635,6.37,0.0
636,6.38,0.0
637,6.39,0.0
638,6.3999999999999995,0.0
639,6.41,0.0
640,6.42,0.0
641,6.43,0.0
642,6.4399999999999995,0.0
643,6.449999999999999,0.0
644,6.46,0.0
645,6.47,0.0
646,6.4799999999999995,0.0
647,6.489999999999999,0.0
648,6.5,0.0
649,6.51,0.0
650,6.52,0.0
651,6.529999999999999,0.0
652,6.54,0.0
653,6.55,0.0
654,6.56,0.0
655,6.569999999999999,0.0
656,6.58,0.0
657,6.59,0.0
658,6.6,0.0
659,6.609999999999999,0.0
660,6.62,0.0
661,6.63,0.0
662,6.64,0.0
663,6.6499999999999995,0.0
664,6.66,0.0
665,6.67,0.0
666,6.68,0.0
667,6.6899999999999995,0.0
668,6.699999999999999,0.0
669,6.71,0.0
670,6.72,0.0
671,6.7299999999999995,0.0
672,6.739999999999999,0.0
673,6.75,0.0
674,6.76,0.0
675,6.77,0.0
676,6.779999999999999,0.0
677,6.79,0.0
678,6.8,0.0
679,6.81,0.0
680,6.819999999999999,0.0
681,6.83,0.0
682,6.84,0.0
683,6.85,0.0
684,6.859999999999999,0.0
685,6.87,0.0
686,6.88,0.0
687,6.89,0.0
688,6.8999999999999995,0.0
689,6.91,0.0
690,6.92,0.0
691,6.93,0.0
692,6.9399999999999995,0.0
693,6.949999999999999,0.0
694,6.96,0.0
695,6.97,0.0
696,6.9799999999999995,0.0
697,6.989999999999999,0.0
698,7.0,309.5724316204282
699,7.01,324.401531802301
700,7.02,340.78575559614853
701,7.029999999999999,352.6613699227301
702,7.04,361.56837231500833
703,7.05,369.6688338181514
704,7.06,377.70439161284554
705,7.069999999999999,390.3128016792228
706,7.08,394.89732222751906
707,7.09,396.70397480204764
708,7.1,400.65053215216005
709,7.109999999999999,400.44939662739336
710,7.12,401.2537148461265
711,7.13,399.7236807483405
712,7.14,397.60713323790554
713,7.1499999999999995,395.16030039318815
714,7.16,391.9938154876651
715,7.17,385.7702253974338
716,7.18,378.46748018351354
717,7.1899999999999995,369.2919324894802
718,7.199999999999999,364.2089206048801
719,7.21,371.0170610703411
720,7.22,379.38474003823666
721,7.2299999999999995,386.767253744521
722,7.239999999999999,394.1638670881891
723,7.25,387.6906704267315
724,7.26,0.0
725,7.27,0.0
726,7.279999999999999,0.0
727,7.29,0.0
728,7.3,0.0
729,7.31,0.0
730,7.319999999999999,0.0
731,7.33,0.0
732,7.34,0.0
733,7.35,0.0
734,7.359999999999999,0.0
735,7.37,0.0
736,7.38,0.0
737,7.39,0.0
738,7.3999999999999995,0.0
739,7.41,0.0
740,7.42,0.0
741,7.43,0.0
742,7.4399999999999995,0.0
743,7.449999999999999,0.0
744,7.46,0.0
745,7.47,0.0
746,7.4799999999999995,0.0
747,7.489999999999999,0.0
748,7.5,0.0
749,7.51,0.0
750,7.52,0.0
751,7.529999999999999,0.0
752,7.54,0.0
753,7.55,0.0
754,7.56,0.0
755,7.569999999999999,0.0
756,7.58,0.0
757,7.59,384.8680991904315
758,7.6,381.05836165042297
759,7.609999999999999,382.0303913693415
760,7.62,385.8464315512833
761,7.63,391.6881401894643
762,7.64,397.0064801395909
763,7.6499999999999995,402.3767637577085
764,7.66,407.2593503890632
765,7.67,411.4830532672124
766,7.68,415.4874671096721
767,7.6899999999999995,419.0958421240787
768,7.699999999999999,421.4409098424507
769,7.71,420.63418542043155
770,7.72,416.5457581794009
771,7.7299999999999995,407.98205991710734
772,7.739999999999999,394.8227765809589
773,7.75,404.2881266692789
774,7.76,413.20230835113
775,7.77,415.5654339250222
776,7.779999999999999,420.43715127842324
777,7.79,417.74919750708074
778,7.8,414.59576736773994
779,7.81,412.95452091257033
780,7.819999999999999,414.01631934129773
781,7.83,413.91455963799126
782,7.84,411.6009667333989
783,7.85,409.04638536604284
784,7.859999999999999,0.0
785,7.87,0.0
786,7.88,0.0
787,7.89,0.0
788,7.8999999999999995,0.0
789,7.91,0.0
790,7.92,365.79228774103683
791,7.93,371.5293085736806
792,7.9399999999999995,377.8452740816853
793,7.95,385.740209254106
794,7.96,392.71940358586073
795,7.97,394.5074344958837
796,7.9799999999999995,397.0552631159468
797,7.989999999999999,396.0610691825751
798,8.0,394.22394448790436
799,8.01,392.056377175249
800,8.02,388.83913230548126
801,8.03,385.6769695642196
802,8.04,384.4110218178582
803,8.049999999999999,385.41454071681625
804,8.06,387.4312231064146
805,8.07,388.76495765638214
806,8.08,390.2256905640381
807,8.09,392.5600068316519
808,8.1,394.55817366858554
809,8.11,397.24321792876646
810,8.12,400.2981926392382
811,8.129999999999999,401.7608981651778
812,8.14,400.3186344492687
813,8.15,396.27801997428486
814,8.16,387.58869981533945
815,8.17,388.74097195652394
816,8.18,394.8041214553467
817,8.19,389.9530444745158
818,8.2,384.66293593573124
819,8.209999999999999,394.6943983648365
820,8.219999999999999,393.62913420945495
821,8.23,390.1787672820619
822,8.24,382.38036854635845
823,8.25,0.0
824,8.26,0.0
825,8.27,0.0
826,8.28,0.0
827,8.29,0.0
828,8.299999999999999,0.0
829,8.31,0.0
830,8.32,0.0
831,8.33,0.0
832,8.34,0.0
833,8.35,0.0
834,8.36,0.0
835,8.37,0.0
836,8.379999999999999,0.0
837,8.39,0.0
838,8.4,0.0
839,8.41,0.0
840,8.42,0.0
841,8.43,0.0
842,8.44,0.0
843,8.45,0.0
844,8.459999999999999,0.0
845,8.469999999999999,0.0
846,8.48,0.0
847,8.49,0.0
848,8.5,0.0
849,8.51,0.0
850,8.52,0.0
851,8.53,0.0
852,8.54,0.0
853,8.549999999999999,0.0
854,8.56,0.0
855,8.57,0.0
856,8.58,0.0
857,8.59,0.0
858,8.6,0.0
859,8.61,0.0
860,8.62,0.0
861,8.629999999999999,0.0
862,8.64,0.0
863,8.65,0.0
864,8.66,0.0
865,8.67,0.0
866,8.68,0.0
867,8.69,0.0
868,8.7,0.0
869,8.709999999999999,375.67632922603366
870,8.72,387.419932067511
871,8.73,395.6238781909077
872,8.74,401.34654552615314
873,8.75,410.9145260867137
874,8.76,417.0046850960732
875,8.77,416.11960299814166
876,8.78,415.70219029041266
877,8.79,418.020302856248
878,8.799999999999999,419.2751496943334
879,8.81,419.88612670325097
880,8.82,419.4996852950619
881,8.83,417.97317291996325
882,8.84,416.5207817327162
883,8.85,415.46598640369643
884,8.86,413.93880108195236
885,8.87,411.30590319968303
886,8.879999999999999,412.05276981540084
887,8.89,411.58213717226226
888,8.9,410.0319889675295
889,8.91,409.3528657016002
890,8.92,409.1736886004815
891,8.93,409.01334224592017
892,8.94,408.64150264881374
893,8.95,408.6286018827776
894,8.959999999999999,408.47543948088185
895,8.97,408.35174159379176
896,8.98,407.2650301812088
897,8.99,404.7238713607345
898,9.0,402.5353009048426
899,9.01,401.2416624712259
900,9.02,398.6508038740851
901,9.03,395.1962407162701
902,9.04,397.16813682222795
903,9.049999999999999,398.897205357247
904,9.06,401.985005919463
905,9.07,403.4248661236157
906,9.08,404.8613613564779
907,9.09,406.005945244835
908,9.1,407.79785364234897
909,9.11,409.080945266326
910,9.12,407.7778909928103
911,9.129999999999999,406.8965359983736
912,9.14,404.15040894817173
913,9.15,399.35100559945005
914,9.16,397.14984252653664
915,9.17,395.5369607973939
916,9.18,394.1080362475875
917,9.19,394.56078161356936
918,9.2,397.54024943348685
919,9.209999999999999,401.0462665419786
920,9.22,398.3723280674133
921,9.23,397.387928009307
922,9.24,396.9582072333647
923,9.25,397.0568662842919
924,9.26,399.50165943403823
925,9.27,402.0854772799162
926,9.28,400.4803902416937
927,9.29,400.8235736283069
928,9.299999999999999,401.4590637186669
929,9.31,402.1434780522602
930,9.32,404.3337097126499
931,9.33,404.70912695535606
932,9.34,402.79511219422307
933,9.35,399.20177320738395
934,9.36,390.5605774458591
935,9.37,385.38352603362534
936,9.379999999999999,0.0
937,9.39,0.0
938,9.4,0.0
939,9.41,0.0
940,9.42,0.0
941,9.43,0.0
942,9.44,0.0
943,9.45,0.0
944,9.459999999999999,0.0
945,9.47,0.0
946,9.48,0.0
947,9.49,0.0
948,9.5,0.0
949,9.51,0.0
950,9.52,0.0
951,9.53,0.0
952,9.54,0.0
953,9.549999999999999,0.0
954,9.56,0.0
955,9.57,0.0
956,9.58,0.0
957,9.59,0.0
958,9.6,0.0
959,9.61,0.0
960,9.62,0.0
961,9.629999999999999,0.0
962,9.64,0.0
963,9.65,0.0
964,9.66,0.0
965,9.67,0.0
966,9.68,0.0
967,9.69,0.0
968,9.7,0.0
969,9.709999999999999,0.0
970,9.72,0.0
971,9.73,0.0
972,9.74,0.0
973,9.75,0.0
974,9.76,0.0
975,9.77,0.0
976,9.78,0.0
977,9.79,0.0
978,9.799999999999999,0.0
979,9.81,0.0
980,9.82,0.0
981,9.83,0.0
982,9.84,0.0
983,9.85,0.0
984,9.86,0.0
985,9.87,0.0
986,9.879999999999999,0.0
987,9.89,0.0
988,9.9,0.0
989,9.91,0.0
990,9.92,0.0
991,9.93,0.0
992,9.94,0.0
993,9.95,0.0
994,9.959999999999999,0.0
995,9.97,0.0
996,9.98,0.0
997,9.99,0.0
998,10.0,0.0
999,10.01,0.0
1000,10.02,0.0
1001,10.03,0.0
1002,10.04,0.0
1003,10.049999999999999,0.0
1004,10.06,0.0
1005,10.07,0.0
1006,10.08,0.0
1007,10.09,0.0
1008,10.1,0.0
1009,10.11,0.0
1010,10.12,0.0
1011,10.129999999999999,0.0
1012,10.14,0.0
1013,10.15,0.0
1014,10.16,0.0
1015,10.17,0.0
1016,10.18,0.0
1017,10.19,0.0
1018,10.2,385.94116782675513
1019,10.209999999999999,387.52174851077046
1020,10.22,387.5496878611876
1021,10.23,379.6246344097867
1022,10.24,376.7410970721261
1023,10.25,377.8040278687187
1024,10.26,376.42858357374354
1025,10.27,368.070883028238
1026,10.28,351.5468435500093
1027,10.29,349.1823924201232
1028,10.299999999999999,355.0593766453032
1029,10.31,365.64044911761596
1030,10.32,369.43083231825307
1031,10.33,379.75385458400547
1032,10.34,383.62652996190405
1033,10.35,381.27188431773266
1034,10.36,379.2572716145752
1035,10.37,378.3249611532058
1036,10.379999999999999,377.7178854214535
1037,10.39,376.8424352949222
1038,10.4,376.51726433308613
1039,10.41,376.6016808343348
1040,10.42,377.8083684514786
1041,10.43,378.19994220912764
1042,10.44,378.4175973581556
1043,10.45,378.9817386463345
1044,10.459999999999999,381.22462225669835
1045,10.47,383.8819484067613
1046,10.48,386.2824129936963
1047,10.49,388.4689389300441
1048,10.5,387.7514802062398
1049,10.51,383.4992271765447
1050,10.52,368.7935156382261
1051,10.53,367.12435418351
1052,10.54,0.0
1053,10.549999999999999,0.0
1054,10.56,0.0
1055,10.57,0.0
1056,10.58,0.0
1057,10.59,0.0
1058,10.6,0.0
1059,10.61,0.0
1060,10.62,0.0
1061,10.629999999999999,0.0
1062,10.64,0.0
1063,10.65,0.0
1064,10.66,0.0
1065,10.67,0.0
1066,10.68,0.0
1067,10.69,0.0
1068,10.7,0.0
1069,10.709999999999999,0.0
1070,10.72,0.0
1071,10.73,0.0
1072,10.74,0.0
1073,10.75,0.0
1074,10.76,0.0
1075,10.77,0.0
1076,10.78,0.0
1077,10.79,0.0
1078,10.799999999999999,0.0
1079,10.81,0.0
1080,10.82,0.0
1081,10.83,0.0
1082,10.84,0.0
1083,10.85,0.0
1084,10.86,0.0
1085,10.87,0.0
1086,10.879999999999999,0.0
1087,10.89,0.0
1088,10.9,0.0
1089,10.91,0.0
1090,10.92,0.0
1091,10.93,0.0
1092,10.94,0.0
1093,10.95,0.0
1094,10.959999999999999,0.0
1095,10.97,0.0
1096,10.98,0.0
1097,10.99,306.21044750194443
1098,11.0,319.7106556286035
1099,11.01,338.825415790949
1100,11.02,353.78893020999305
1101,11.03,362.78643311777694
1102,11.04,372.5704656136708
1103,11.049999999999999,378.6940018854942
1104,11.06,384.18717942453753
1105,11.07,386.7692477855451
1106,11.08,388.11133698394804
1107,11.09,386.52772774862626
1108,11.1,382.3114915543259
1109,11.11,379.36655755584695
1110,11.12,376.05129676082737
1111,11.129999999999999,373.2748438346829
1112,11.14,370.7533005572553
1113,11.15,368.0993900974
1114,11.16,364.8484427280953
1115,11.17,363.63873576688906
1116,11.18,362.18909358092276
1117,11.19,362.373389469676
1118,11.2,362.8790517852849
1119,11.209999999999999,364.0548314244022
1120,11.22,364.4143348337702
1121,11.23,364.75698541664866
1122,11.24,365.3132633570547
1123,11.25,367.79968881714825
1124,11.26,370.65694059577936
1125,11.27,369.66526944918684
1126,11.28,367.7826077997127
1127,11.29,362.7740461317939
1128,11.299999999999999,359.04668017851697
1129,11.31,362.68031131263
1130,11.32,364.6779429788502
1131,11.33,368.87433183162307
1132,11.34,366.1181775884433
1133,11.35,0.0
1134,11.36,0.0
1135,11.37,0.0
1136,11.379999999999999,0.0
1137,11.39,0.0
1138,11.4,0.0
1139,11.41,0.0
1140,11.42,0.0
1141,11.43,0.0
1142,11.44,0.0
1143,11.45,0.0
1144,11.459999999999999,400.80399523108645
1145,11.47,399.2551227539806
1146,11.48,396.8199017093908
1147,11.49,400.88955098876676
1148,11.5,403.0571235056843
1149,11.51,403.318129555207
1150,11.52,402.31635091185683
1151,11.53,401.0610458084729
1152,11.54,398.8395976775396
1153,11.549999999999999,396.0059806267062
1154,11.56,394.6902569881451
1155,11.57,392.1314164694364
1156,11.58,389.71324368580525
1157,11.59,387.56720427288457
1158,11.6,384.2913551243898
1159,11.61,381.67908583014145
1160,11.62,382.88701702916484
1161,11.629999999999999,386.6745443491269
1162,11.64,390.3986188443211
1163,11.65,393.03521377859784
1164,11.66,396.2476036014221
1165,11.67,399.44726068349195
1166,11.68,401.6828281589994
1167,11.69,403.1569769333433
1168,11.7,404.6664381744536
1169,11.709999999999999,406.7400003531691
1170,11.72,408.46092227717037
1171,11.73,410.53442313888377
1172,11.74,412.29807687831413
1173,11.75,412.1193574077754
1174,11.76,412.5086128490865
1175,11.77,413.4334101128104
1176,11.78,414.4043129595817
1177,11.79,415.75034861466224
1178,11.799999999999999,419.6107801657117
1179,11.81,423.72662941303423
1180,11.82,418.70272290491584
1181,11.83,409.37187159968335
1182,11.84,397.6601949783653
1183,11.85,392.58340710216385
1184,11.86,388.5206886522422
1185,11.87,392.753629235558
1186,11.879999999999999,406.38724144243724
1187,11.89,414.86873393313294
1188,11.9,413.5232432345514
1189,11.91,413.1668761305859
1190,11.92,413.5180121085547
1191,11.93,412.96318212120565
1192,11.94,413.02482835986615
1193,11.95,415.54657614212095
1194,11.959999999999999,0.0
1195,11.97,0.0
1196,11.98,0.0
1197,11.99,0.0
1198,12.0,0.0
1199,12.01,0.0
1200,12.02,0.0
1201,12.03,0.0
1202,12.04,0.0
1203,12.05,0.0
1204,12.06,0.0
1205,12.07,0.0
1206,12.08,0.0
1207,12.09,0.0
1208,12.1,0.0
1209,12.11,0.0
1210,12.12,0.0
1211,12.129999999999999,0.0
1212,12.14,0.0
1213,12.15,0.0
1214,12.16,0.0
1215,12.17,0.0
1216,12.18,0.0
1217,12.19,0.0
1218,12.2,0.0
1219,12.209999999999999,0.0
1220,12.22,0.0
1221,12.23,0.0
1222,12.24,0.0
1223,12.25,0.0
1224,12.26,0.0
1225,12.27,0.0
1226,12.28,0.0
1227,12.29,0.0
1228,12.3,0.0
1229,12.31,0.0
1230,12.32,0.0
1231,12.33,0.0
1232,12.34,0.0
1233,12.35,0.0
1234,12.36,0.0
1235,12.37,0.0
1236,12.379999999999999,0.0
1237,12.39,0.0
1238,12.4,0.0
1239,12.41,0.0
1240,12.42,0.0
1241,12.43,0.0
1242,12.44,0.0
1243,12.45,0.0
1244,12.459999999999999,0.0
1245,12.47,0.0
1246,12.48,0.0
1247,12.49,0.0
1248,12.5,0.0
1249,12.51,0.0
1250,12.52,0.0
1251,12.53,0.0
1252,12.54,0.0
1253,12.55,0.0
1254,12.56,0.0
1255,12.57,0.0
1256,12.58,0.0
1257,12.59,0.0
1258,12.6,0.0
1259,12.61,0.0
1260,12.62,0.0
1261,12.629999999999999,0.0
1262,12.64,0.0
1263,12.65,0.0
1264,12.66,0.0
1265,12.67,0.0
1266,12.68,0.0
1267,12.69,0.0
1268,12.7,0.0
1269,12.709999999999999,0.0
1270,12.72,0.0
1271,12.73,0.0
1272,12.74,0.0
1273,12.75,0.0
1274,12.76,0.0
1275,12.77,0.0
1276,12.78,0.0
1277,12.79,0.0
1278,12.8,0.0
1279,12.81,0.0
1280,12.82,0.0
1281,12.83,0.0
1282,12.84,0.0
1283,12.85,0.0
1284,12.86,0.0
1285,12.87,0.0
1286,12.879999999999999,0.0
1287,12.89,0.0
1288,12.9,0.0
1289,12.91,0.0
1290,12.92,0.0
1291,12.93,0.0
1292,12.94,0.0
1293,12.95,0.0
1294,12.959999999999999,0.0
1295,12.97,0.0
1296,12.98,0.0
1297,12.99,0.0
1298,13.0,0.0
1299,13.01,0.0
1300,13.02,0.0
1301,13.03,0.0
1302,13.04,0.0
1303,13.05,0.0
1304,13.06,0.0
1305,13.07,0.0
1306,13.08,0.0
1307,13.09,0.0
1308,13.1,0.0
1309,13.11,0.0
1310,13.12,0.0
1311,13.129999999999999,0.0
1312,13.14,0.0
1313,13.15,0.0
1314,13.16,0.0
1315,13.17,0.0
1316,13.18,0.0
1317,13.19,0.0
1318,13.2,0.0
1319,13.209999999999999,0.0
1320,13.22,0.0
1321,13.23,0.0
1322,13.24,0.0
1323,13.25,0.0
1324,13.26,0.0
1325,13.27,0.0
1326,13.28,0.0
1327,13.29,0.0
1328,13.3,0.0
1329,13.31,0.0
1330,13.32,0.0
1331,13.33,0.0
1332,13.34,0.0
1333,13.35,0.0
1334,13.36,0.0
1335,13.37,0.0
1336,13.379999999999999,0.0
1337,13.39,0.0
1338,13.4,0.0
1339,13.41,0.0
1340,13.42,0.0
1341,13.43,0.0
1342,13.44,0.0
1343,13.45,0.0
1344,13.459999999999999,0.0
1345,13.47,0.0
1346,13.48,0.0
1347,13.49,0.0
1348,13.5,0.0
1349,13.51,0.0
1350,13.52,0.0
1351,13.53,0.0
1352,13.54,0.0
1353,13.55,0.0
1354,13.56,0.0
1355,13.57,0.0
1356,13.58,0.0
1357,13.59,0.0
1358,13.6,0.0
1359,13.61,0.0
1360,13.62,0.0
1361,13.629999999999999,0.0
1362,13.64,0.0
1363,13.65,0.0
1364,13.66,0.0
1365,13.67,0.0
1366,13.68,0.0
1367,13.69,0.0
1368,13.7,0.0
1369,13.709999999999999,0.0
1370,13.72,0.0
1371,13.73,0.0
1372,13.74,0.0
1373,13.75,0.0
1374,13.76,0.0
1375,13.77,0.0
1376,13.78,0.0
1377,13.79,0.0
1378,13.8,0.0
1379,13.81,0.0
1380,13.82,0.0
1381,13.83,0.0
1382,13.84,0.0
1383,13.85,0.0
1384,13.86,0.0
1385,13.87,0.0
1386,13.879999999999999,0.0
1387,13.89,0.0
1388,13.9,0.0
1389,13.91,0.0
1390,13.92,0.0
1391,13.93,0.0
1392,13.94,0.0
1393,13.95,0.0
1394,13.959999999999999,0.0
1395,13.97,0.0
1396,13.98,0.0
1397,13.99,0.0
1398,14.0,0.0
