label,index,seconds,frequency
high,0,0.01999999999999968,0.0
high,1,0.02999999999999968,0.0
high,2,0.03999999999999968,0.0
high,3,0.049999999999999684,0.0
high,4,0.05999999999999968,0.0
high,5,0.06999999999999969,0.0
high,6,0.07999999999999968,0.0
high,7,0.08999999999999969,0.0
high,8,0.09999999999999969,0.0
high,9,0.10999999999999968,0.0
high,10,0.11999999999999969,0.0
high,11,0.12999999999999967,0.0
high,12,0.13999999999999968,0.0
high,13,0.1499999999999997,0.0
high,14,0.1599999999999997,0.0
high,15,0.16999999999999968,0.0
high,16,0.1799999999999997,0.0
high,17,0.1899999999999997,0.0
high,18,0.19999999999999968,0.0
high,19,0.2099999999999997,0.0
high,20,0.2199999999999997,0.0
high,21,0.22999999999999968,0.0
high,22,0.23999999999999969,0.0
high,23,0.2499999999999997,0.0
high,24,0.2599999999999997,0.0
high,25,0.2699999999999997,0.0
high,26,0.2799999999999997,0.0
high,27,0.2899999999999997,0.0
high,28,0.2999999999999997,0.0
high,29,0.30999999999999966,0.0
high,30,0.3199999999999997,0.0
high,31,0.3299999999999997,0.0
high,32,0.3399999999999997,0.0
high,33,0.3499999999999997,0.0
high,34,0.3599999999999997,0.0
high,35,0.3699999999999997,0.0
high,36,0.37999999999999967,0.0
high,37,0.3899999999999997,0.0
high,38,0.3999999999999997,0.0
high,39,0.4099999999999997,0.0
high,40,0.4199999999999997,0.0
high,41,0.4299999999999997,0.0
high,42,0.43999999999999967,0.0
high,43,0.4499999999999997,0.0
high,44,0.4599999999999997,0.0
high,45,0.4699999999999997,0.0
high,46,0.4799999999999997,0.0
high,47,0.4899999999999997,0.0
high,48,0.49999999999999967,0.0
high,49,0.5099999999999997,0.0
high,50,0.5199999999999997,0.0
high,51,0.5299999999999997,0.0
high,52,0.5399999999999997,0.0
high,53,0.5499999999999997,0.0
high,54,0.5599999999999997,0.0
high,55,0.5699999999999997,0.0
high,56,0.5799999999999997,0.0
high,57,0.5899999999999997,0.0
high,58,0.5999999999999996,0.0
high,59,0.6099999999999997,0.0
high,60,0.6199999999999997,0.0
high,61,0.6299999999999997,0.0
high,62,0.6399999999999997,0.0
high,63,0.6499999999999997,0.0
high,64,0.6599999999999997,0.0
high,65,0.6699999999999997,0.0
high,66,0.6799999999999997,0.0
high,67,0.6899999999999997,0.0
high,68,0.6999999999999997,0.0
high,69,0.7099999999999997,0.0
high,70,0.7199999999999998,0.0
high,71,0.7299999999999996,0.0
high,72,0.7399999999999997,0.0
high,73,0.7499999999999997,0.0
high,74,0.7599999999999997,0.0
high,75,0.7699999999999997,0.0
high,76,0.7799999999999997,0.0
high,77,0.7899999999999997,0.0
high,78,0.7999999999999997,0.0
high,79,0.8099999999999997,0.0
high,80,0.8199999999999997,0.0
high,81,0.8299999999999997,0.0
high,82,0.8399999999999997,0.0
high,83,0.8499999999999998,0.0
high,84,0.8599999999999997,0.0
high,85,0.8699999999999997,0.0
high,86,0.8799999999999997,0.0
high,87,0.8899999999999997,0.0
high,88,0.8999999999999997,0.0
high,89,0.9099999999999997,0.0
high,90,0.9199999999999997,0.0
high,91,0.9299999999999997,0.0
high,92,0.9399999999999997,0.0
high,93,0.9499999999999997,0.0
high,94,0.9599999999999997,0.0
high,95,0.9699999999999998,0.0
high,96,0.9799999999999996,0.0
high,97,0.9899999999999997,0.0
high,98,0.9999999999999997,0.0
high,99,1.0099999999999996,0.0
high,100,1.0199999999999996,0.0
high,101,1.0299999999999996,0.0
high,102,1.0399999999999996,0.0
high,103,1.0499999999999996,0.0
high,104,1.0599999999999996,0.0
high,105,1.0699999999999996,0.0
high,106,1.0799999999999996,0.0
high,107,1.0899999999999996,0.0
high,108,1.0999999999999996,0.0
high,109,1.1099999999999997,0.0
high,110,1.1199999999999997,0.0
high,111,1.1299999999999997,0.0
high,112,1.1399999999999997,0.0
high,113,1.1499999999999997,0.0
high,114,1.1599999999999997,0.0
high,115,1.1699999999999997,0.0
high,116,1.1799999999999995,0.0
high,117,1.1899999999999995,0.0
high,118,1.1999999999999995,0.0
high,119,1.2099999999999995,0.0
high,120,1.2199999999999995,0.0
high,121,1.2299999999999995,0.0
high,122,1.2399999999999995,0.0
high,123,1.2499999999999996,0.0
high,124,1.2599999999999996,0.0
high,125,1.2699999999999996,0.0
high,126,1.2799999999999996,0.0
high,127,1.2899999999999996,0.0
high,128,1.2999999999999996,0.0
high,129,1.3099999999999996,0.0
high,130,1.3199999999999996,0.0
high,131,1.3299999999999996,362.9946177244227
high,132,1.3399999999999996,373.04311743213225
high,133,1.3499999999999996,381.53300183120336
high,134,1.3599999999999997,386.3838494435066
high,135,1.3699999999999997,389.3599320062499
high,136,1.3799999999999997,391.6119750917199
high,137,1.3899999999999997,394.2891098839969
high,138,1.3999999999999997,396.47917311657153
high,139,1.4099999999999997,398.626985538108
high,140,1.4199999999999997,400.6800202016756
high,141,1.4299999999999995,401.54000883516034
high,142,1.4399999999999995,401.570907443754
high,143,1.4499999999999995,399.8836203864926
high,144,1.4599999999999995,397.04585757927794
high,145,1.4699999999999995,392.80584630205374
high,146,1.4799999999999995,387.1780992287078
high,147,1.4899999999999995,384.6325564881761
high,148,1.4999999999999996,382.96568633673485
high,149,1.5099999999999996,380.00947420206734
high,150,1.5199999999999996,381.4869433424118
high,151,1.5299999999999996,386.34784766382285
high,152,1.5399999999999996,391.4142839346666
high,153,1.5499999999999996,397.4435054020193
high,154,1.5599999999999996,402.85514848135
high,155,1.5699999999999996,409.1875411345527
high,156,1.5799999999999996,415.2187180971171
high,157,1.5899999999999996,419.0029811635561
high,158,1.5999999999999996,421.8814551194218
high,159,1.6099999999999997,422.8215821771967
high,160,1.6199999999999997,420.4807206365629
high,161,1.6299999999999997,417.0097833958152
high,162,1.6399999999999997,411.87458693198624
high,163,1.6499999999999997,405.3647749001802
high,164,1.6599999999999997,404.0769941448686
high,165,1.6699999999999997,404.0934167007836
high,166,1.6799999999999997,403.21747106046075
high,167,1.6899999999999995,401.1025979577341
high,168,1.6999999999999995,393.73770767857184
high,169,1.7099999999999995,391.8633967141468
high,170,1.7199999999999995,397.032590966918
high,171,1.7299999999999995,399.1830118567181
high,172,1.7399999999999995,403.5067181495772
high,173,1.7499999999999996,409.31741919954874
high,174,1.7599999999999996,414.5584160018473
high,175,1.7699999999999996,420.09046927026515
high,176,1.7799999999999996,425.9161090910364
high,177,1.7899999999999996,428.251349811894
high,178,1.7999999999999996,425.26178827801687
high,179,1.8099999999999996,419.95349631635764
high,180,1.8199999999999996,410.4596000737257
high,181,1.8299999999999996,398.2897410442263
high,182,1.8399999999999996,399.5495704125937
high,183,1.8499999999999996,400.69547248644034
high,184,1.8599999999999997,400.5178998416851
high,185,1.8699999999999997,395.02849695069796
high,186,1.8799999999999997,399.03082577468837
high,187,1.8899999999999997,400.6529190218077
high,188,1.8999999999999997,399.0268867755465
high,189,1.9099999999999997,401.3204372533437
high,190,1.9199999999999997,406.29639749893846
high,191,1.9299999999999997,409.5952785368653
high,192,1.9399999999999995,411.1515642036575
high,193,1.9499999999999995,411.69905734905143
high,194,1.9599999999999995,411.156280050747
high,195,1.9699999999999995,409.4676001291746
high,196,1.9799999999999995,408.58008894908545
high,197,1.9899999999999995,409.22418561808354
high,198,1.9999999999999996,410.03117788259243
high,199,2.01,411.7450798033947
high,200,2.0199999999999996,414.3285899757908
high,201,2.03,417.72953086994346
high,202,2.0399999999999996,422.3820224279794
high,203,2.05,428.91523208660857
high,204,2.0599999999999996,428.26800714165574
high,205,2.0699999999999994,422.77742557151043
high,206,2.0799999999999996,418.75586693893706
high,207,2.0899999999999994,408.3851809857519
high,208,2.0999999999999996,385.59789840026855
high,209,2.1099999999999994,385.950787868092
high,210,2.1199999999999997,422.28803605457813
high,211,2.1299999999999994,422.64130249940104
high,212,2.1399999999999997,424.00799712990136
high,213,2.1499999999999995,425.24969206991824
high,214,2.1599999999999997,433.6063129762336
high,215,2.1699999999999995,434.84164372687167
high,216,2.1799999999999997,0.0
high,217,2.1899999999999995,0.0
high,218,2.1999999999999997,0.0
high,219,2.2099999999999995,0.0
high,220,2.2199999999999998,0.0
high,221,2.2299999999999995,0.0
high,222,2.2399999999999998,0.0
high,223,2.2499999999999996,0.0
high,224,2.26,0.0
high,225,2.2699999999999996,0.0
high,226,2.28,0.0
high,227,2.2899999999999996,0.0
high,228,2.3,0.0
high,229,2.3099999999999996,0.0
high,230,2.32,0.0
high,231,2.3299999999999996,0.0
high,232,2.3399999999999994,0.0
high,233,2.3499999999999996,0.0
high,234,2.3599999999999994,0.0
high,235,2.3699999999999997,0.0
high,236,2.3799999999999994,0.0
high,237,2.3899999999999997,0.0
high,238,2.3999999999999995,0.0
high,239,2.4099999999999997,0.0
high,240,2.4199999999999995,0.0
high,241,2.4299999999999997,0.0
high,242,2.4399999999999995,0.0
high,243,2.4499999999999997,0.0
high,244,2.4599999999999995,0.0
high,245,2.4699999999999998,0.0
high,246,2.4799999999999995,0.0
high,247,2.4899999999999998,0.0
high,248,2.4999999999999996,0.0
high,249,2.51,0.0
high,250,2.5199999999999996,0.0
high,251,2.53,0.0
high,252,2.5399999999999996,0.0
high,253,2.55,0.0
high,254,2.5599999999999996,0.0
high,255,2.57,0.0
high,256,2.5799999999999996,0.0
high,257,2.5899999999999994,0.0
high,258,2.5999999999999996,0.0
high,259,2.6099999999999994,0.0
high,260,2.6199999999999997,0.0
high,261,2.6299999999999994,0.0
high,262,2.6399999999999997,0.0
high,263,2.6499999999999995,0.0
high,264,2.6599999999999997,0.0
high,265,2.6699999999999995,0.0
high,266,2.6799999999999997,0.0
high,267,2.6899999999999995,0.0
high,268,2.6999999999999997,0.0
high,269,2.7099999999999995,337.85335818607103
high,270,2.7199999999999998,336.45681153693135
high,271,2.7299999999999995,339.5933524419841
high,272,2.7399999999999998,348.47745106013735
high,273,2.7499999999999996,356.56509557549566
high,274,2.76,361.25861202895106
high,275,2.7699999999999996,363.25677850371164
high,276,2.78,365.2976477229321
high,277,2.7899999999999996,368.2002760680816
high,278,2.8,370.53625500783295
high,279,2.8099999999999996,369.1496395729949
high,280,2.82,365.2992022926168
high,281,2.8299999999999996,361.500389399831
high,282,2.8399999999999994,357.46757927211337
high,283,2.8499999999999996,354.52404615794677
high,284,2.8599999999999994,353.1399307291442
high,285,2.8699999999999997,352.74437580483306
high,286,2.8799999999999994,352.2061243216231
high,287,2.8899999999999997,350.44802221505176
high,288,2.8999999999999995,346.5724984509713
high,289,2.9099999999999997,349.36500559927475
high,290,2.9199999999999995,355.28657295003467
high,291,2.9299999999999997,358.5129450850372
high,292,2.9399999999999995,361.4931970216276
high,293,2.9499999999999997,365.44041674103585
high,294,2.9599999999999995,370.63083308433175
high,295,2.9699999999999998,377.83542768493857
high,296,2.9799999999999995,381.57968690661374
high,297,2.9899999999999998,377.79400826686884
high,298,2.9999999999999996,377.73695569668087
high,299,3.01,379.607365105443
high,300,3.0199999999999996,378.1418929109538
high,301,3.03,375.78658205986414
high,302,3.0399999999999996,375.1189519836989
high,303,3.05,376.11430020280255
high,304,3.0599999999999996,376.0246155572296
high,305,3.07,374.19766402551784
high,306,3.0799999999999996,372.78277710826546
high,307,3.09,372.5227320948308
high,308,3.0999999999999996,372.8232832594541
high,309,3.1099999999999994,372.9210222031123
high,310,3.1199999999999997,372.7155772227333
high,311,3.1299999999999994,373.55859308420855
high,312,3.1399999999999997,374.23401910939936
high,313,3.1499999999999995,374.5952323070589
high,314,3.1599999999999997,375.064392521452
high,315,3.1699999999999995,375.53530425695817
high,316,3.1799999999999997,375.9868228354241
high,317,3.1899999999999995,377.0908457363485
high,318,3.1999999999999997,378.43673235043224
high,319,3.2099999999999995,378.85116478645557
high,320,3.2199999999999998,378.33094816500255
high,321,3.2299999999999995,376.54384592777023
high,322,3.2399999999999998,371.8053083214363
high,323,3.2499999999999996,363.0081276015425
high,324,3.26,353.30291331651915
high,325,3.2699999999999996,346.84068411194437
high,326,3.28,340.52001594466674
high,327,3.2899999999999996,346.67740557406006
high,328,3.3,345.40467582736227
high,329,3.3099999999999996,354.41601370181
high,330,3.32,355.09662583808796
high,331,3.3299999999999996,356.1647141748408
high,332,3.34,369.36585516853535
high,333,3.3499999999999996,0.0
high,334,3.3599999999999994,0.0
high,335,3.3699999999999997,0.0
high,336,3.3799999999999994,0.0
high,337,3.3899999999999997,0.0
high,338,3.3999999999999995,0.0
high,339,3.4099999999999997,0.0
high,340,3.4199999999999995,0.0
high,341,3.4299999999999997,0.0
high,342,3.4399999999999995,0.0
high,343,3.4499999999999997,0.0
high,344,3.4599999999999995,0.0
high,345,3.4699999999999998,0.0
high,346,3.4799999999999995,0.0
high,347,3.4899999999999998,0.0
high,348,3.4999999999999996,0.0
high,349,3.51,0.0
high,350,3.5199999999999996,0.0
high,351,3.53,0.0
high,352,3.5399999999999996,0.0
high,353,3.55,0.0
high,354,3.5599999999999996,0.0
high,355,3.57,0.0
high,356,3.5799999999999996,0.0
high,357,3.59,0.0
high,358,3.5999999999999996,0.0
high,359,3.6099999999999994,0.0
high,360,3.6199999999999997,0.0
high,361,3.6299999999999994,0.0
high,362,3.6399999999999997,0.0
high,363,3.6499999999999995,0.0
high,364,3.6599999999999997,0.0
high,365,3.6699999999999995,0.0
high,366,3.6799999999999997,0.0
high,367,3.6899999999999995,0.0
high,368,3.6999999999999997,0.0
high,369,3.7099999999999995,0.0
high,370,3.7199999999999998,0.0
high,371,3.7299999999999995,0.0
high,372,3.7399999999999998,0.0
high,373,3.7499999999999996,0.0
high,374,3.76,0.0
high,375,3.7699999999999996,0.0
high,376,3.78,0.0
high,377,3.7899999999999996,0.0
high,378,3.8,0.0
high,379,3.8099999999999996,0.0
high,380,3.82,0.0
high,381,3.8299999999999996,0.0
high,382,3.84,0.0
high,383,3.8499999999999996,0.0
high,384,3.8599999999999994,0.0
high,385,3.8699999999999997,0.0
high,386,3.8799999999999994,0.0
high,387,3.8899999999999997,296.7765315607064
high,388,3.8999999999999995,293.30663065805834
high,389,3.9099999999999997,295.2673813327048
high,390,3.9199999999999995,297.20578336399603
high,391,3.9299999999999997,298.2000613935481
high,392,3.9399999999999995,297.45256513700144
high,393,3.9499999999999997,296.4656951648486
high,394,3.9599999999999995,296.3993118281943
high,395,3.9699999999999998,296.55871701097277
high,396,3.9799999999999995,298.6567878166846
high,397,3.9899999999999998,302.03650715735245
high,398,3.9999999999999996,305.4918615117851
high,399,4.01,304.11543902018633
high,400,4.02,295.87204540547174
high,401,4.029999999999999,294.7980571691998
high,402,4.04,299.020369876989
high,403,4.05,321.5300878673882
high,404,4.06,339.7818637956557
high,405,4.069999999999999,343.0962830273178
high,406,4.08,350.32862201423427
high,407,4.09,352.2815599982403
high,408,4.1,356.1301849731135
high,409,4.109999999999999,356.99349137015605
high,410,4.119999999999999,360.06343599905256
high,411,4.13,363.33125268800205
high,412,4.14,366.46173504628564
high,413,4.1499999999999995,364.52422379049017
high,414,4.159999999999999,358.769877619286
high,415,4.17,354.117219557499
high,416,4.18,359.63382714359807
high,417,4.1899999999999995,357.85233997693837
high,418,4.199999999999999,354.6674250980675
high,419,4.21,355.7717249423494
high,420,4.22,0.0
high,421,4.2299999999999995,0.0
high,422,4.239999999999999,0.0
high,423,4.25,0.0
high,424,4.26,0.0
high,425,4.27,0.0
high,426,4.279999999999999,0.0
high,427,4.29,0.0
high,428,4.3,0.0
high,429,4.31,0.0
high,430,4.319999999999999,0.0
high,431,4.33,0.0
high,432,4.34,0.0
high,433,4.35,0.0
high,434,4.359999999999999,0.0
high,435,4.37,0.0
high,436,4.38,0.0
high,437,4.39,0.0
high,438,4.3999999999999995,445.394644094273
high,439,4.409999999999999,443.7499204966854
high,440,4.42,440.9902763392763
high,441,4.43,444.39284709542375
high,442,4.4399999999999995,446.5922704967071
high,443,4.449999999999999,446.65750082110793
high,444,4.46,443.7825989112068
high,445,4.47,438.7592563326551
high,446,4.4799999999999995,424.7322343279338
high,447,4.489999999999999,414.79149125113685
high,448,4.5,407.0144990996081
high,449,4.51,397.4679682799825
high,450,4.52,392.19186847473026
high,451,4.529999999999999,385.65050682482286
high,452,4.54,379.5503153273641
high,453,4.55,381.10752600676864
high,454,4.56,382.9356034960132
high,455,4.569999999999999,380.5049947421002
high,456,4.58,379.14376535878256
high,457,4.59,386.40295502608495
high,458,4.6,388.7044896981983
high,459,4.609999999999999,386.944758446459
high,460,4.62,384.1915524576481
high,461,4.63,381.8365634258765
high,462,4.64,385.6974133409206
high,463,4.6499999999999995,386.1866382255824
high,464,4.659999999999999,386.47022450020864
high,465,4.67,392.60899405562037
high,466,4.68,391.9107514035569
high,467,4.6899999999999995,391.5057061105265
high,468,4.699999999999999,391.6985474527166
high,469,4.71,401.0014331209857
high,470,4.72,404.0765931816957
high,471,4.7299999999999995,396.16259028260896
high,472,4.739999999999999,388.9641650700623
high,473,4.75,0.0
high,474,4.76,0.0
high,475,4.77,0.0
high,476,4.779999999999999,0.0
high,477,4.79,0.0
high,478,4.8,0.0
high,479,4.81,0.0
high,480,4.819999999999999,0.0
high,481,4.83,0.0
high,482,4.84,418.51938002294264
high,483,4.85,418.2538022878694
high,484,4.859999999999999,414.50130288797806
high,485,4.87,410.83520968035566
high,486,4.88,409.7546972596897
high,487,4.89,408.8941809770843
high,488,4.8999999999999995,409.32519847120176
high,489,4.909999999999999,408.2698158871338
high,490,4.92,407.40162263425617
high,491,4.93,407.0942351837869
high,492,4.9399999999999995,405.11669346076803
high,493,4.949999999999999,402.09531894854115
high,494,4.96,398.07502381165847
high,495,4.97,392.7968972798733
high,496,4.9799999999999995,388.18387333831095
high,497,4.989999999999999,390.5365861875687
high,498,5.0,394.4975940475239
high,499,5.01,396.3736394613649
high,500,5.02,396.1300745525581
high,501,5.029999999999999,394.5915291454343
high,502,5.04,394.4679452289785
high,503,5.05,395.20246310041944
high,504,5.06,394.5862771143087
high,505,5.069999999999999,392.9076386195849
high,506,5.08,391.51725095270467
high,507,5.09,390.8216151115961
high,508,5.1,390.795365645913
high,509,5.109999999999999,390.29276518580775
high,510,5.12,388.4839232084721
high,511,5.13,386.13487480954285
high,512,5.14,383.2129306373536
high,513,5.1499999999999995,380.4017940409353
high,514,5.159999999999999,380.0082984595724
high,515,5.17,381.6213524138446
high,516,5.18,382.91242170396595
high,517,5.1899999999999995,380.4948680524081
high,518,5.199999999999999,382.19110874176835
high,519,5.21,385.03257215535575
high,520,5.22,384.4391735282581
high,521,5.2299999999999995,384.95063976562824
high,522,5.239999999999999,387.5296179336145
high,523,5.25,387.72415621638345
high,524,5.26,393.9600513076753
high,525,5.27,0.0
high,526,5.279999999999999,0.0
high,527,5.29,0.0
high,528,5.3,0.0
high,529,5.31,0.0
high,530,5.319999999999999,0.0
high,531,5.33,0.0
high,532,5.34,0.0
high,533,5.35,0.0
high,534,5.359999999999999,0.0
high,535,5.37,0.0
high,536,5.38,0.0
high,537,5.39,0.0
high,538,5.3999999999999995,411.03689772286157
high,539,5.409999999999999,414.7867455834933
high,540,5.42,418.40087575306444
high,541,5.43,419.87628367388754
high,542,5.4399999999999995,423.8720203553366
high,543,5.449999999999999,425.45992091012664
high,544,5.46,426.6433474678624
high,545,5.47,428.7861635436464
high,546,5.4799999999999995,430.74810928342083
high,547,5.489999999999999,431.77540962442214
high,548,5.5,432.27205106263114
high,549,5.51,431.5787344959095
high,550,5.52,430.6552111335743
high,551,5.529999999999999,429.82463958378054
high,552,5.54,428.73283917045956
high,553,5.55,426.84973569949864
high,554,5.56,423.81104428928774
high,555,5.569999999999999,423.93927326080444
high,556,5.58,426.58255654235296
high,557,5.59,427.42173149658583
high,558,5.6,429.7597963390621
high,559,5.609999999999999,433.2112762275264
high,560,5.62,430.8650621919147
high,561,5.63,425.07820662552274
high,562,5.64,423.8816012684265
high,563,5.6499999999999995,424.81245317139536
high,564,5.659999999999999,425.0288622025665
high,565,5.67,423.40467298834346
high,566,5.68,420.8539349398268
high,567,5.6899999999999995,418.6450359189166
high,568,5.699999999999999,417.43739835038326
high,569,5.71,413.3373306378116
high,570,5.72,410.2840735194991
high,571,5.7299999999999995,409.03038726987785
high,572,5.739999999999999,404.8857844696525
high,573,5.75,402.57143012270313
high,574,5.76,395.4201136934267
high,575,5.77,388.4366769205549
high,576,5.779999999999999,391.3264154943812
high,577,5.79,0.0
high,578,5.8,0.0
high,579,5.81,0.0
high,580,5.819999999999999,0.0
high,581,5.83,0.0
high,582,5.84,0.0
high,583,5.85,0.0
high,584,5.859999999999999,0.0
high,585,5.87,0.0
high,586,5.88,0.0
high,587,5.89,0.0
high,588,5.8999999999999995,0.0
high,589,5.909999999999999,0.0
high,590,5.92,0.0
high,591,5.93,0.0
high,592,5.9399999999999995,0.0
high,593,5.949999999999999,0.0
high,594,5.96,0.0
high,595,5.97,0.0
high,596,5.9799999999999995,0.0
high,597,5.989999999999999,0.0
high,598,6.0,0.0
high,599,6.01,0.0
high,600,6.02,0.0
high,601,6.029999999999999,0.0
high,602,6.04,0.0
high,603,6.05,398.92476443956485
high,604,6.06,397.05110227768364
high,605,6.069999999999999,394.94749663857624
high,606,6.08,393.71762171297934
high,607,6.09,395.3937133126478
high,608,6.1,396.5175568797295
high,609,6.109999999999999,395.81346130428625
high,610,6.12,394.9409353980092
high,611,6.13,394.48592446077873
high,612,6.14,394.8465520189506
high,613,6.1499999999999995,396.44051428962337
high,614,6.16,396.7050538559792
high,615,6.17,394.7303990996262
high,616,6.18,395.80798220003976
high,617,6.1899999999999995,0.0
high,618,6.199999999999999,0.0
high,619,6.21,0.0
high,620,6.22,0.0
high,621,6.2299999999999995,0.0
high,622,6.239999999999999,396.5777724679743
high,623,6.25,398.22041617190905
high,624,6.26,399.81989171611167
high,625,6.27,401.0272320027859
high,626,6.279999999999999,401.74081638598255
high,627,6.29,403.01184152878614
high,628,6.3,402.7978563022692
high,629,6.31,399.71023284853845
high,630,6.319999999999999,399.54887307064314
high,631,6.33,0.0
high,632,6.34,0.0
high,633,6.35,0.0
high,634,6.359999999999999,0.0
high,635,6.37,0.0
high,636,6.38,0.0
high,637,6.39,0.0
high,638,6.3999999999999995,0.0
high,639,6.41,0.0
high,640,6.42,0.0
high,641,6.43,0.0
high,642,6.4399999999999995,0.0
high,643,6.449999999999999,0.0
high,644,6.46,0.0
high,645,6.47,0.0
high,646,6.4799999999999995,0.0
high,647,6.489999999999999,0.0
high,648,6.5,0.0
high,649,6.51,0.0
high,650,6.52,0.0
high,651,6.529999999999999,0.0
high,652,6.54,0.0
high,653,6.55,0.0
high,654,6.56,0.0
high,655,6.569999999999999,0.0
high,656,6.58,0.0
high,657,6.59,0.0
high,658,6.6,0.0
high,659,6.609999999999999,0.0
high,660,6.62,0.0
high,661,6.63,0.0
high,662,6.64,0.0
high,663,6.6499999999999995,0.0
high,664,6.66,0.0
high,665,6.67,0.0
high,666,6.68,0.0
high,667,6.6899999999999995,0.0
high,668,6.699999999999999,0.0
high,669,6.71,0.0
high,670,6.72,0.0
high,671,6.7299999999999995,0.0
high,672,6.739999999999999,0.0
high,673,6.75,0.0
high,674,6.76,0.0
high,675,6.77,0.0
high,676,6.779999999999999,0.0
high,677,6.79,0.0
high,678,6.8,0.0
high,679,6.81,0.0
high,680,6.819999999999999,0.0
high,681,6.83,0.0
high,682,6.84,0.0
high,683,6.85,0.0
high,684,6.859999999999999,0.0
high,685,6.87,0.0
high,686,6.88,0.0
high,687,6.89,0.0
high,688,6.8999999999999995,0.0
high,689,6.91,0.0
high,690,6.92,0.0
high,691,6.93,0.0
high,692,6.9399999999999995,0.0
high,693,6.949999999999999,0.0
high,694,6.96,0.0
high,695,6.97,0.0
high,696,6.9799999999999995,0.0
high,697,6.989999999999999,0.0
high,698,7.0,309.5724316204282
high,699,7.01,324.401531802301
high,700,7.02,340.78575559614853
high,701,7.029999999999999,352.6613699227301
high,702,7.04,361.56837231500833
high,703,7.05,369.6688338181514
high,704,7.06,377.70439161284554
high,705,7.069999999999999,390.3128016792228
high,706,7.08,394.89732222751906
high,707,7.09,396.70397480204764
high,708,7.1,400.65053215216005
high,709,7.109999999999999,400.44939662739336
high,710,7.12,401.2537148461265
high,711,7.13,399.7236807483405
high,712,7.14,397.60713323790554
high,713,7.1499999999999995,395.16030039318815
high,714,7.16,391.9938154876651
high,715,7.17,385.7702253974338
high,716,7.18,378.46748018351354
high,717,7.1899999999999995,369.2919324894802
high,718,7.199999999999999,364.2089206048801
high,719,7.21,371.0170610703411
high,720,7.22,379.38474003823666
high,721,7.2299999999999995,386.767253744521
high,722,7.239999999999999,394.1638670881891
high,723,7.25,387.6906704267315
high,724,7.26,0.0
high,725,7.27,0.0
high,726,7.279999999999999,0.0
high,727,7.29,0.0
high,728,7.3,0.0
high,729,7.31,0.0
high,730,7.319999999999999,0.0
high,731,7.33,0.0
high,732,7.34,0.0
high,733,7.35,0.0
high,734,7.359999999999999,0.0
high,735,7.37,0.0
high,736,7.38,0.0
high,737,7.39,0.0
high,738,7.3999999999999995,0.0
high,739,7.41,0.0
high,740,7.42,0.0
high,741,7.43,0.0
high,742,7.4399999999999995,0.0
high,743,7.449999999999999,0.0
high,744,7.46,0.0
high,745,7.47,0.0
high,746,7.4799999999999995,0.0
high,747,7.489999999999999,0.0
high,748,7.5,0.0
high,749,7.51,0.0
high,750,7.52,0.0
high,751,7.529999999999999,0.0
high,752,7.54,0.0
high,753,7.55,0.0
high,754,7.56,0.0
high,755,7.569999999999999,0.0
high,756,7.58,0.0
high,757,7.59,384.8680991904315
high,758,7.6,381.05836165042297
high,759,7.609999999999999,382.0303913693415
high,760,7.62,385.8464315512833
high,761,7.63,391.6881401894643
high,762,7.64,397.0064801395909
high,763,7.6499999999999995,402.3767637577085
high,764,7.66,407.2593503890632
high,765,7.67,411.4830532672124
high,766,7.68,415.4874671096721
high,767,7.6899999999999995,419.0958421240787
high,768,7.699999999999999,421.4409098424507
high,769,7.71,420.63418542043155
high,770,7.72,416.5457581794009
high,771,7.7299999999999995,407.98205991710734
high,772,7.739999999999999,394.8227765809589
high,773,7.75,404.2881266692789
high,774,7.76,413.20230835113
high,775,7.77,415.5654339250222
high,776,7.779999999999999,420.43715127842324
high,777,7.79,417.74919750708074
high,778,7.8,414.59576736773994
high,779,7.81,412.95452091257033
high,780,7.819999999999999,414.01631934129773
high,781,7.83,413.91455963799126
high,782,7.84,411.6009667333989
high,783,7.85,409.04638536604284
high,784,7.859999999999999,0.0
high,785,7.87,0.0
high,786,7.88,0.0
high,787,7.89,0.0
high,788,7.8999999999999995,0.0
high,789,7.91,0.0
high,790,7.92,365.79228774103683
high,791,7.93,371.5293085736806
high,792,7.9399999999999995,377.8452740816853
high,793,7.95,385.740209254106
high,794,7.96,392.71940358586073
high,795,7.97,394.5074344958837
high,796,7.9799999999999995,397.0552631159468
high,797,7.989999999999999,396.0610691825751
high,798,8.0,394.22394448790436
high,799,8.01,392.056377175249
high,800,8.02,388.83913230548126
high,801,8.03,385.6769695642196
high,802,8.04,384.4110218178582
high,803,8.049999999999999,385.41454071681625
high,804,8.06,387.4312231064146
high,805,8.07,388.76495765638214
high,806,8.08,390.2256905640381
high,807,8.09,392.5600068316519
high,808,8.1,394.55817366858554
high,809,8.11,397.24321792876646
high,810,8.12,400.2981926392382
high,811,8.129999999999999,401.7608981651778
high,812,8.14,400.3186344492687
high,813,8.15,396.27801997428486
high,814,8.16,387.58869981533945
high,815,8.17,388.74097195652394
high,816,8.18,394.8041214553467
high,817,8.19,389.9530444745158
high,818,8.2,384.66293593573124
high,819,8.209999999999999,394.6943983648365
high,820,8.219999999999999,393.62913420945495
high,821,8.23,390.1787672820619
high,822,8.24,382.38036854635845
high,823,8.25,0.0
high,824,8.26,0.0
high,825,8.27,0.0
high,826,8.28,0.0
high,827,8.29,0.0
high,828,8.299999999999999,0.0
high,829,8.31,0.0
high,830,8.32,0.0
high,831,8.33,0.0
high,832,8.34,0.0
high,833,8.35,0.0
high,834,8.36,0.0
high,835,8.37,0.0
high,836,8.379999999999999,0.0
high,837,8.39,0.0
high,838,8.4,0.0
high,839,8.41,0.0
high,840,8.42,0.0
high,841,8.43,0.0
high,842,8.44,0.0
high,843,8.45,0.0
high,844,8.459999999999999,0.0
high,845,8.469999999999999,0.0
high,846,8.48,0.0
high,847,8.49,0.0
high,848,8.5,0.0
high,849,8.51,0.0
high,850,8.52,0.0
high,851,8.53,0.0
high,852,8.54,0.0
high,853,8.549999999999999,0.0
high,854,8.56,0.0
high,855,8.57,0.0
high,856,8.58,0.0
high,857,8.59,0.0
high,858,8.6,0.0
high,859,8.61,0.0
high,860,8.62,0.0
high,861,8.629999999999999,0.0
high,862,8.64,0.0
high,863,8.65,0.0
high,864,8.66,0.0
high,865,8.67,0.0
high,866,8.68,0.0
high,867,8.69,0.0
high,868,8.7,0.0
high,869,8.709999999999999,375.67632922603366
high,870,8.72,387.419932067511
high,871,8.73,395.6238781909077
high,872,8.74,401.34654552615314
high,873,8.75,410.9145260867137
high,874,8.76,417.0046850960732
high,875,8.77,416.11960299814166
high,876,8.78,415.70219029041266
high,877,8.79,418.020302856248
high,878,8.799999999999999,419.2751496943334
high,879,8.81,419.88612670325097
high,880,8.82,419.4996852950619
high,881,8.83,417.97317291996325
high,882,8.84,416.5207817327162
high,883,8.85,415.46598640369643
high,884,8.86,413.93880108195236
high,885,8.87,411.30590319968303
high,886,8.879999999999999,412.05276981540084
high,887,8.89,411.58213717226226
high,888,8.9,410.0319889675295
high,889,8.91,409.3528657016002
high,890,8.92,409.1736886004815
high,891,8.93,409.01334224592017
high,892,8.94,408.64150264881374
high,893,8.95,408.6286018827776
high,894,8.959999999999999,408.47543948088185
high,895,8.97,408.35174159379176
high,896,8.98,407.2650301812088
high,897,8.99,404.7238713607345
high,898,9.0,402.5353009048426
high,899,9.01,401.2416624712259
high,900,9.02,398.6508038740851
high,901,9.03,395.1962407162701
high,902,9.04,397.16813682222795
high,903,9.049999999999999,398.897205357247
high,904,9.06,401.985005919463
high,905,9.07,403.4248661236157
high,906,9.08,404.8613613564779
high,907,9.09,406.005945244835
high,908,9.1,407.79785364234897
high,909,9.11,409.080945266326
high,910,9.12,407.7778909928103
high,911,9.129999999999999,406.8965359983736
high,912,9.14,404.15040894817173
high,913,9.15,399.35100559945005
high,914,9.16,397.14984252653664
high,915,9.17,395.5369607973939
high,916,9.18,394.1080362475875
high,917,9.19,394.56078161356936
high,918,9.2,397.54024943348685
high,919,9.209999999999999,401.0462665419786
high,920,9.22,398.3723280674133
high,921,9.23,397.387928009307
high,922,9.24,396.9582072333647
high,923,9.25,397.0568662842919
high,924,9.26,399.50165943403823
high,925,9.27,402.0854772799162
high,926,9.28,400.4803902416937
high,927,9.29,400.8235736283069
high,928,9.299999999999999,401.4590637186669
high,929,9.31,402.1434780522602
high,930,9.32,404.3337097126499
high,931,9.33,404.70912695535606
high,932,9.34,402.79511219422307
high,933,9.35,399.20177320738395
high,934,9.36,390.5605774458591
high,935,9.37,385.38352603362534
high,936,9.379999999999999,0.0
high,937,9.39,0.0
high,938,9.4,0.0
high,939,9.41,0.0
high,940,9.42,0.0
high,941,9.43,0.0
high,942,9.44,0.0
high,943,9.45,0.0
high,944,9.459999999999999,0.0
high,945,9.47,0.0
high,946,9.48,0.0
high,947,9.49,0.0
high,948,9.5,0.0
high,949,9.51,0.0
high,950,9.52,0.0
high,951,9.53,0.0
high,952,9.54,0.0
high,953,9.549999999999999,0.0
high,954,9.56,0.0
high,955,9.57,0.0
high,956,9.58,0.0
high,957,9.59,0.0
high,958,9.6,0.0
high,959,9.61,0.0
high,960,9.62,0.0
high,961,9.629999999999999,0.0
high,962,9.64,0.0
high,963,9.65,0.0
high,964,9.66,0.0
high,965,9.67,0.0
high,966,9.68,0.0
high,967,9.69,0.0
high,968,9.7,0.0
high,969,9.709999999999999,0.0
high,970,9.72,0.0
high,971,9.73,0.0
high,972,9.74,0.0
high,973,9.75,0.0
high,974,9.76,0.0
high,975,9.77,0.0
high,976,9.78,0.0
high,977,9.79,0.0
high,978,9.799999999999999,0.0
high,979,9.81,0.0
high,980,9.82,0.0
high,981,9.83,0.0
high,982,9.84,0.0
high,983,9.85,0.0
high,984,9.86,0.0
high,985,9.87,0.0
high,986,9.879999999999999,0.0
high,987,9.89,0.0
high,988,9.9,0.0
high,989,9.91,0.0
high,990,9.92,0.0
high,991,9.93,0.0
high,992,9.94,0.0
high,993,9.95,0.0
high,994,9.959999999999999,0.0
high,995,9.97,0.0
high,996,9.98,0.0
high,997,9.99,0.0
high,998,10.0,0.0
high,999,10.01,0.0
high,1000,10.02,0.0
high,1001,10.03,0.0
high,1002,10.04,0.0
high,1003,10.049999999999999,0.0
high,1004,10.06,0.0
high,1005,10.07,0.0
high,1006,10.08,0.0
high,1007,10.09,0.0
high,1008,10.1,0.0
high,1009,10.11,0.0
high,1010,10.12,0.0
high,1011,10.129999999999999,0.0
high,1012,10.14,0.0
high,1013,10.15,0.0
high,1014,10.16,0.0
high,1015,10.17,0.0
high,1016,10.18,0.0
high,1017,10.19,0.0
high,1018,10.2,385.94116782675513
high,1019,10.209999999999999,387.52174851077046
high,1020,10.22,387.5496878611876
high,1021,10.23,379.6246344097867
high,1022,10.24,376.7410970721261
high,1023,10.25,377.8040278687187
high,1024,10.26,376.42858357374354
high,1025,10.27,368.070883028238
high,1026,10.28,351.5468435500093
high,1027,10.29,349.1823924201232
high,1028,10.299999999999999,355.0593766453032
high,1029,10.31,365.64044911761596
high,1030,10.32,369.43083231825307
high,1031,10.33,379.75385458400547
high,1032,10.34,383.62652996190405
high,1033,10.35,381.27188431773266
high,1034,10.36,379.2572716145752
high,1035,10.37,378.3249611532058
high,1036,10.379999999999999,377.7178854214535
high,1037,10.39,376.8424352949222
high,1038,10.4,376.51726433308613
high,1039,10.41,376.6016808343348
high,1040,10.42,377.8083684514786
high,1041,10.43,378.19994220912764
high,1042,10.44,378.4175973581556
high,1043,10.45,378.9817386463345
high,1044,10.459999999999999,381.22462225669835
high,1045,10.47,383.8819484067613
high,1046,10.48,386.2824129936963
high,1047,10.49,388.4689389300441
high,1048,10.5,387.7514802062398
high,1049,10.51,383.4992271765447
high,1050,10.52,368.7935156382261
high,1051,10.53,367.12435418351
high,1052,10.54,0.0
high,1053,10.549999999999999,0.0
high,1054,10.56,0.0
high,1055,10.57,0.0
high,1056,10.58,0.0
high,1057,10.59,0.0
high,1058,10.6,0.0
high,1059,10.61,0.0
high,1060,10.62,0.0
high,1061,10.629999999999999,0.0
high,1062,10.64,0.0
high,1063,10.65,0.0
high,1064,10.66,0.0
high,1065,10.67,0.0
high,1066,10.68,0.0
high,1067,10.69,0.0
high,1068,10.7,0.0
high,1069,10.709999999999999,0.0
high,1070,10.72,0.0
high,1071,10.73,0.0
high,1072,10.74,0.0
high,1073,10.75,0.0
high,1074,10.76,0.0
high,1075,10.77,0.0
high,1076,10.78,0.0
high,1077,10.79,0.0
high,1078,10.799999999999999,0.0
high,1079,10.81,0.0
high,1080,10.82,0.0
high,1081,10.83,0.0
high,1082,10.84,0.0
high,1083,10.85,0.0
high,1084,10.86,0.0
high,1085,10.87,0.0
high,1086,10.879999999999999,0.0
high,1087,10.89,0.0
high,1088,10.9,0.0
high,1089,10.91,0.0
high,1090,10.92,0.0
high,1091,10.93,0.0
high,1092,10.94,0.0
high,1093,10.95,0.0
high,1094,10.959999999999999,0.0
high,1095,10.97,0.0
high,1096,10.98,0.0
high,1097,10.99,306.21044750194443
high,1098,11.0,319.7106556286035
high,1099,11.01,338.825415790949
high,1100,11.02,353.78893020999305
high,1101,11.03,362.78643311777694
high,1102,11.04,372.5704656136708
high,1103,11.049999999999999,378.6940018854942
high,1104,11.06,384.18717942453753
high,1105,11.07,386.7692477855451
high,1106,11.08,388.11133698394804
high,1107,11.09,386.52772774862626
high,1108,11.1,382.3114915543259
high,1109,11.11,379.36655755584695
high,1110,11.12,376.05129676082737
high,1111,11.129999999999999,373.2748438346829
high,1112,11.14,370.7533005572553
high,1113,11.15,368.0993900974
high,1114,11.16,364.8484427280953
high,1115,11.17,363.63873576688906
high,1116,11.18,362.18909358092276
high,1117,11.19,362.373389469676
high,1118,11.2,362.8790517852849
high,1119,11.209999999999999,364.0548314244022
high,1120,11.22,364.4143348337702
high,1121,11.23,364.75698541664866
high,1122,11.24,365.3132633570547
high,1123,11.25,367.79968881714825
high,1124,11.26,370.65694059577936
high,1125,11.27,369.66526944918684
high,1126,11.28,367.7826077997127
high,1127,11.29,362.7740461317939
high,1128,11.299999999999999,359.04668017851697
high,1129,11.31,362.68031131263
high,1130,11.32,364.6779429788502
high,1131,11.33,368.87433183162307
high,1132,11.34,366.1181775884433
high,1133,11.35,0.0
high,1134,11.36,0.0
high,1135,11.37,0.0
high,1136,11.379999999999999,0.0
high,1137,11.39,0.0
high,1138,11.4,0.0
high,1139,11.41,0.0
high,1140,11.42,0.0
high,1141,11.43,0.0
high,1142,11.44,0.0
high,1143,11.45,0.0
high,1144,11.459999999999999,400.80399523108645
high,1145,11.47,399.2551227539806
high,1146,11.48,396.8199017093908
high,1147,11.49,400.88955098876676
high,1148,11.5,403.0571235056843
high,1149,11.51,403.318129555207
high,1150,11.52,402.31635091185683
high,1151,11.53,401.0610458084729
high,1152,11.54,398.8395976775396
high,1153,11.549999999999999,396.0059806267062
high,1154,11.56,394.6902569881451
high,1155,11.57,392.1314164694364
high,1156,11.58,389.71324368580525
high,1157,11.59,387.56720427288457
high,1158,11.6,384.2913551243898
high,1159,11.61,381.67908583014145
high,1160,11.62,382.88701702916484
high,1161,11.629999999999999,386.6745443491269
high,1162,11.64,390.3986188443211
high,1163,11.65,393.03521377859784
high,1164,11.66,396.2476036014221
high,1165,11.67,399.44726068349195
high,1166,11.68,401.6828281589994
high,1167,11.69,403.1569769333433
high,1168,11.7,404.6664381744536
high,1169,11.709999999999999,406.7400003531691
high,1170,11.72,408.46092227717037
high,1171,11.73,410.53442313888377
high,1172,11.74,412.29807687831413
high,1173,11.75,412.1193574077754
high,1174,11.76,412.5086128490865
high,1175,11.77,413.4334101128104
high,1176,11.78,414.4043129595817
high,1177,11.79,415.75034861466224
high,1178,11.799999999999999,419.6107801657117
high,1179,11.81,423.72662941303423
high,1180,11.82,418.70272290491584
high,1181,11.83,409.37187159968335
high,1182,11.84,397.6601949783653
high,1183,11.85,392.58340710216385
high,1184,11.86,388.5206886522422
high,1185,11.87,392.753629235558
high,1186,11.879999999999999,406.38724144243724
high,1187,11.89,414.86873393313294
high,1188,11.9,413.5232432345514
high,1189,11.91,413.1668761305859
high,1190,11.92,413.5180121085547
high,1191,11.93,412.96318212120565
high,1192,11.94,413.02482835986615
high,1193,11.95,415.54657614212095
high,1194,11.959999999999999,0.0
high,1195,11.97,0.0
high,1196,11.98,0.0
high,1197,11.99,0.0
high,1198,12.0,0.0
high,1199,12.01,0.0
high,1200,12.02,0.0
high,1201,12.03,0.0
high,1202,12.04,0.0
high,1203,12.05,0.0
high,1204,12.06,0.0
high,1205,12.07,0.0
high,1206,12.08,0.0
high,1207,12.09,0.0
high,1208,12.1,0.0
high,1209,12.11,0.0
high,1210,12.12,0.0
high,1211,12.129999999999999,0.0
high,1212,12.14,0.0
high,1213,12.15,0.0
high,1214,12.16,0.0
high,1215,12.17,0.0
high,1216,12.18,0.0
high,1217,12.19,0.0
high,1218,12.2,0.0
high,1219,12.209999999999999,0.0
high,1220,12.22,0.0
high,1221,12.23,0.0
high,1222,12.24,0.0
high,1223,12.25,0.0
high,1224,12.26,0.0
high,1225,12.27,0.0
high,1226,12.28,0.0
high,1227,12.29,0.0
high,1228,12.3,0.0
high,1229,12.31,0.0
high,1230,12.32,0.0
high,1231,12.33,0.0
high,1232,12.34,0.0
high,1233,12.35,0.0
high,1234,12.36,0.0
high,1235,12.37,0.0
high,1236,12.379999999999999,0.0
high,1237,12.39,0.0
high,1238,12.4,0.0
high,1239,12.41,0.0
high,1240,12.42,0.0
high,1241,12.43,0.0
high,1242,12.44,0.0
high,1243,12.45,0.0
high,1244,12.459999999999999,0.0
high,1245,12.47,0.0
high,1246,12.48,0.0
high,1247,12.49,0.0
high,1248,12.5,0.0
high,1249,12.51,0.0
high,1250,12.52,0.0
high,1251,12.53,0.0
high,1252,12.54,0.0
high,1253,12.55,0.0
high,1254,12.56,0.0
high,1255,12.57,0.0
high,1256,12.58,0.0
high,1257,12.59,0.0
high,1258,12.6,0.0
high,1259,12.61,0.0
high,1260,12.62,0.0
high,1261,12.629999999999999,0.0
high,1262,12.64,0.0
high,1263,12.65,0.0
high,1264,12.66,0.0
high,1265,12.67,0.0
high,1266,12.68,0.0
high,1267,12.69,0.0
high,1268,12.7,0.0
high,1269,12.709999999999999,0.0
high,1270,12.72,0.0
high,1271,12.73,0.0
high,1272,12.74,0.0
high,1273,12.75,0.0
high,1274,12.76,0.0
high,1275,12.77,0.0
high,1276,12.78,0.0
high,1277,12.79,0.0
high,1278,12.8,0.0
high,1279,12.81,0.0
high,1280,12.82,0.0
high,1281,12.83,0.0
high,1282,12.84,0.0
high,1283,12.85,0.0
high,1284,12.86,0.0
high,1285,12.87,0.0
high,1286,12.879999999999999,0.0
high,1287,12.89,0.0
high,1288,12.9,0.0
high,1289,12.91,0.0
high,1290,12.92,0.0
high,1291,12.93,0.0
high,1292,12.94,0.0
high,1293,12.95,0.0
high,1294,12.959999999999999,0.0
high,1295,12.97,0.0
high,1296,12.98,0.0
high,1297,12.99,0.0
high,1298,13.0,0.0
high,1299,13.01,0.0
high,1300,13.02,0.0
high,1301,13.03,0.0
high,1302,13.04,0.0
high,1303,13.05,0.0
high,1304,13.06,0.0
high,1305,13.07,0.0
high,1306,13.08,0.0
high,1307,13.09,0.0
high,1308,13.1,0.0
high,1309,13.11,0.0
high,1310,13.12,0.0
high,1311,13.129999999999999,0.0
high,1312,13.14,0.0
high,1313,13.15,0.0
high,1314,13.16,0.0
high,1315,13.17,0.0
high,1316,13.18,0.0
high,1317,13.19,0.0
high,1318,13.2,0.0
high,1319,13.209999999999999,0.0
high,1320,13.22,0.0
high,1321,13.23,0.0
high,1322,13.24,0.0
high,1323,13.25,0.0
high,1324,13.26,0.0
high,1325,13.27,0.0
high,1326,13.28,0.0
high,1327,13.29,0.0
high,1328,13.3,0.0
high,1329,13.31,0.0
high,1330,13.32,0.0
high,1331,13.33,0.0
high,1332,13.34,0.0
high,1333,13.35,0.0
high,1334,13.36,0.0
high,1335,13.37,0.0
high,1336,13.379999999999999,0.0
high,1337,13.39,0.0
high,1338,13.4,0.0
high,1339,13.41,0.0
high,1340,13.42,0.0
high,1341,13.43,0.0
high,1342,13.44,0.0
high,1343,13.45,0.0
high,1344,13.459999999999999,0.0
high,1345,13.47,0.0
high,1346,13.48,0.0
high,1347,13.49,0.0
high,1348,13.5,0.0
high,1349,13.51,0.0
high,1350,13.52,0.0
high,1351,13.53,0.0
high,1352,13.54,0.0
high,1353,13.55,0.0
high,1354,13.56,0.0
high,1355,13.57,0.0
high,1356,13.58,0.0
high,1357,13.59,0.0
high,1358,13.6,0.0
high,1359,13.61,0.0
high,1360,13.62,0.0
high,1361,13.629999999999999,0.0
high,1362,13.64,0.0
high,1363,13.65,0.0
high,1364,13.66,0.0
high,1365,13.67,0.0
high,1366,13.68,0.0
high,1367,13.69,0.0
high,1368,13.7,0.0
high,1369,13.709999999999999,0.0
high,1370,13.72,0.0
high,1371,13.73,0.0
high,1372,13.74,0.0
high,1373,13.75,0.0
high,1374,13.76,0.0
high,1375,13.77,0.0
high,1376,13.78,0.0
high,1377,13.79,0.0
high,1378,13.8,0.0
high,1379,13.81,0.0
high,1380,13.82,0.0
high,1381,13.83,0.0
high,1382,13.84,0.0
high,1383,13.85,0.0
high,1384,13.86,0.0
high,1385,13.87,0.0
high,1386,13.879999999999999,0.0
high,1387,13.89,0.0
high,1388,13.9,0.0
high,1389,13.91,0.0
high,1390,13.92,0.0
high,1391,13.93,0.0
high,1392,13.94,0.0
high,1393,13.95,0.0
high,1394,13.959999999999999,0.0
high,1395,13.97,0.0
high,1396,13.98,0.0
high,1397,13.99,0.0
high,1398,14.0,0.0
low,0,0.01999999999999968,0.0
low,1,0.02999999999999968,0.0
low,2,0.03999999999999968,0.0
low,3,0.049999999999999684,0.0
low,4,0.05999999999999968,0.0
low,5,0.06999999999999969,0.0
low,6,0.07999999999999968,0.0
low,7,0.08999999999999969,0.0
low,8,0.09999999999999969,0.0
low,9,0.10999999999999968,0.0
low,10,0.11999999999999969,0.0
low,11,0.12999999999999967,0.0
low,12,0.13999999999999968,0.0
low,13,0.1499999999999997,0.0
low,14,0.1599999999999997,0.0
low,15,0.16999999999999968,0.0
low,16,0.1799999999999997,0.0
low,17,0.1899999999999997,0.0
low,18,0.19999999999999968,0.0
low,19,0.2099999999999997,0.0
low,20,0.2199999999999997,0.0
low,21,0.22999999999999968,0.0
low,22,0.23999999999999969,0.0
low,23,0.2499999999999997,0.0
low,24,0.2599999999999997,0.0
low,25,0.2699999999999997,0.0
low,26,0.2799999999999997,0.0
low,27,0.2899999999999997,0.0
low,28,0.2999999999999997,0.0
low,29,0.30999999999999966,0.0
low,30,0.3199999999999997,0.0
low,31,0.3299999999999997,0.0
low,32,0.3399999999999997,0.0
low,33,0.3499999999999997,0.0
low,34,0.3599999999999997,0.0
low,35,0.3699999999999997,0.0
low,36,0.37999999999999967,0.0
low,37,0.3899999999999997,0.0
low,38,0.3999999999999997,0.0
low,39,0.4099999999999997,0.0
low,40,0.4199999999999997,0.0
low,41,0.4299999999999997,0.0
low,42,0.43999999999999967,0.0
low,43,0.4499999999999997,0.0
low,44,0.4599999999999997,0.0
low,45,0.4699999999999997,0.0
low,46,0.4799999999999997,0.0
low,47,0.4899999999999997,0.0
low,48,0.49999999999999967,0.0
low,49,0.5099999999999997,0.0
low,50,0.5199999999999997,0.0
low,51,0.5299999999999997,0.0
low,52,0.5399999999999997,0.0
low,53,0.5499999999999997,0.0
low,54,0.5599999999999997,0.0
low,55,0.5699999999999997,0.0
low,56,0.5799999999999997,0.0
low,57,0.5899999999999997,0.0
low,58,0.5999999999999996,0.0
low,59,0.6099999999999997,0.0
low,60,0.6199999999999997,0.0
low,61,0.6299999999999997,0.0
low,62,0.6399999999999997,0.0
low,63,0.6499999999999997,0.0
low,64,0.6599999999999997,0.0
low,65,0.6699999999999997,0.0
low,66,0.6799999999999997,0.0
low,67,0.6899999999999997,0.0
low,68,0.6999999999999997,0.0
low,69,0.7099999999999997,0.0
low,70,0.7199999999999998,0.0
low,71,0.7299999999999996,0.0
low,72,0.7399999999999997,0.0
low,73,0.7499999999999997,0.0
low,74,0.7599999999999997,0.0
low,75,0.7699999999999997,0.0
low,76,0.7799999999999997,0.0
low,77,0.7899999999999997,0.0
low,78,0.7999999999999997,0.0
low,79,0.8099999999999997,0.0
low,80,0.8199999999999997,0.0
low,81,0.8299999999999997,0.0
low,82,0.8399999999999997,0.0
low,83,0.8499999999999998,0.0
low,84,0.8599999999999997,0.0
low,85,0.8699999999999997,0.0
low,86,0.8799999999999997,0.0
low,87,0.8899999999999997,0.0
low,88,0.8999999999999997,0.0
low,89,0.9099999999999997,0.0
low,90,0.9199999999999997,0.0
low,91,0.9299999999999997,0.0
low,92,0.9399999999999997,0.0
low,93,0.9499999999999997,0.0
low,94,0.9599999999999997,0.0
low,95,0.9699999999999998,0.0
low,96,0.9799999999999996,0.0
low,97,0.9899999999999997,0.0
low,98,0.9999999999999997,0.0
low,99,1.0099999999999996,0.0
low,100,1.0199999999999996,0.0
low,101,1.0299999999999996,0.0
low,102,1.0399999999999996,0.0
low,103,1.0499999999999996,0.0
low,104,1.0599999999999996,0.0
low,105,1.0699999999999996,0.0
low,106,1.0799999999999996,0.0
low,107,1.0899999999999996,0.0
low,108,1.0999999999999996,0.0
low,109,1.1099999999999997,0.0
low,110,1.1199999999999997,0.0
low,111,1.1299999999999997,0.0
low,112,1.1399999999999997,0.0
low,113,1.1499999999999997,0.0
low,114,1.1599999999999997,0.0
low,115,1.1699999999999997,0.0
low,116,1.1799999999999995,0.0
low,117,1.1899999999999995,0.0
low,118,1.1999999999999995,0.0
low,119,1.2099999999999995,0.0
low,120,1.2199999999999995,0.0
low,121,1.2299999999999995,0.0
low,122,1.2399999999999995,112.89900563865285
low,123,1.2499999999999996,114.30684344218312
low,124,1.2599999999999996,114.03782955111564
low,125,1.2699999999999996,114.55417292931453
low,126,1.2799999999999996,114.9573184512201
low,127,1.2899999999999996,119.15961298265054
low,128,1.2999999999999996,122.73494326147815
low,129,1.3099999999999996,125.28432783758137
low,130,1.3199999999999996,127.61267281875246
low,131,1.3299999999999996,129.03693921832715
low,132,1.3399999999999996,130.95801407986716
low,133,1.3499999999999996,131.13639130248163
low,134,1.3599999999999997,130.1777860027421
low,135,1.3699999999999997,127.25248704939236
low,136,1.3799999999999997,125.94327267415036
low,137,1.3899999999999997,123.74346335220044
low,138,1.3999999999999997,122.18666898542001
low,139,1.4099999999999997,118.12120338912361
low,140,1.4199999999999997,114.65264527309355
low,141,1.4299999999999995,111.78980146598718
low,142,1.4399999999999995,108.72414931610966
low,143,1.4499999999999995,106.22604635245024
low,144,1.4599999999999995,103.0079032776334
low,145,1.4699999999999995,100.56652221982826
low,146,1.4799999999999995,98.87046152226304
low,147,1.4899999999999995,97.5691130664251
low,148,1.4999999999999996,96.55397417193767
low,149,1.5099999999999996,95.80184790825146
low,150,1.5199999999999996,92.62685563636649
low,151,1.5299999999999996,94.01599401989189
low,152,1.5399999999999996,93.98005353059507
low,153,1.5499999999999996,92.57888443676937
low,154,1.5599999999999996,96.44467113916173
low,155,1.5699999999999996,96.25003741710697
low,156,1.5799999999999996,0.0
low,157,1.5899999999999996,0.0
low,158,1.5999999999999996,0.0
low,159,1.6099999999999997,0.0
low,160,1.6199999999999997,0.0
low,161,1.6299999999999997,0.0
low,162,1.6399999999999997,0.0
low,163,1.6499999999999997,0.0
low,164,1.6599999999999997,0.0
low,165,1.6699999999999997,0.0
low,166,1.6799999999999997,0.0
low,167,1.6899999999999995,0.0
low,168,1.6999999999999995,0.0
low,169,1.7099999999999995,0.0
low,170,1.7199999999999995,0.0
low,171,1.7299999999999995,0.0
low,172,1.7399999999999995,0.0
low,173,1.7499999999999996,0.0
low,174,1.7599999999999996,0.0
low,175,1.7699999999999996,0.0
low,176,1.7799999999999996,0.0
low,177,1.7899999999999996,0.0
low,178,1.7999999999999996,0.0
low,179,1.8099999999999996,0.0
low,180,1.8199999999999996,0.0
low,181,1.8299999999999996,0.0
low,182,1.8399999999999996,0.0
low,183,1.8499999999999996,0.0
low,184,1.8599999999999997,0.0
low,185,1.8699999999999997,0.0
low,186,1.8799999999999997,0.0
low,187,1.8899999999999997,0.0
low,188,1.8999999999999997,0.0
low,189,1.9099999999999997,0.0
low,190,1.9199999999999997,0.0
low,191,1.9299999999999997,0.0
low,192,1.9399999999999995,0.0
low,193,1.9499999999999995,0.0
low,194,1.9599999999999995,0.0
low,195,1.9699999999999995,0.0
low,196,1.9799999999999995,0.0
low,197,1.9899999999999995,0.0
low,198,1.9999999999999996,0.0
low,199,2.01,0.0
low,200,2.0199999999999996,0.0
low,201,2.03,0.0
low,202,2.0399999999999996,0.0
low,203,2.05,0.0
low,204,2.0599999999999996,0.0
low,205,2.0699999999999994,0.0
low,206,2.0799999999999996,0.0
low,207,2.0899999999999994,0.0
low,208,2.0999999999999996,0.0
low,209,2.1099999999999994,0.0
low,210,2.1199999999999997,0.0
low,211,2.1299999999999994,0.0
low,212,2.1399999999999997,0.0
low,213,2.1499999999999995,0.0
low,214,2.1599999999999997,0.0
low,215,2.1699999999999995,0.0
low,216,2.1799999999999997,0.0
low,217,2.1899999999999995,0.0
low,218,2.1999999999999997,0.0
low,219,2.2099999999999995,0.0
low,220,2.2199999999999998,0.0
low,221,2.2299999999999995,0.0
low,222,2.2399999999999998,0.0
low,223,2.2499999999999996,0.0
low,224,2.26,0.0
low,225,2.2699999999999996,0.0
low,226,2.28,0.0
low,227,2.2899999999999996,0.0
low,228,2.3,0.0
low,229,2.3099999999999996,0.0
low,230,2.32,0.0
low,231,2.3299999999999996,0.0
low,232,2.3399999999999994,0.0
low,233,2.3499999999999996,0.0
low,234,2.3599999999999994,110.07135092415892
low,235,2.3699999999999997,109.50775328609343
low,236,2.3799999999999994,109.02669897366687
low,237,2.3899999999999997,110.37905639491593
low,238,2.3999999999999995,111.96760781050367
low,239,2.4099999999999997,116.82020776125376
low,240,2.4199999999999995,119.07141666930698
low,241,2.4299999999999997,122.81393481958497
low,242,2.4399999999999995,125.23613507828524
low,243,2.4499999999999997,125.23941038397392
low,244,2.4599999999999995,120.84357785542893
low,245,2.4699999999999998,121.18510931187497
low,246,2.4799999999999995,121.04895468710454
low,247,2.4899999999999998,120.6235383793425
low,248,2.4999999999999996,115.9116152232371
low,249,2.51,111.49956963135996
low,250,2.5199999999999996,107.33087762367312
low,251,2.53,106.21166074903743
low,252,2.5399999999999996,102.9330968838869
low,253,2.55,123.43224226950302
low,254,2.5599999999999996,116.69692734727116
low,255,2.57,114.83041028350054
low,256,2.5799999999999996,108.61833825585597
low,257,2.5899999999999994,104.9811773899574
low,258,2.5999999999999996,107.06578794531583
low,259,2.6099999999999994,0.0
low,260,2.6199999999999997,0.0
low,261,2.6299999999999994,75.55221978702873
low,262,2.6399999999999997,77.19225455710627
low,263,2.6499999999999995,77.73571543166857
low,264,2.6599999999999997,76.3699212270819
low,265,2.6699999999999995,0.0
low,266,2.6799999999999997,0.0
low,267,2.6899999999999995,0.0
low,268,2.6999999999999997,0.0
low,269,2.7099999999999995,0.0
low,270,2.7199999999999998,0.0
low,271,2.7299999999999995,0.0
low,272,2.7399999999999998,0.0
low,273,2.7499999999999996,0.0
low,274,2.76,0.0
low,275,2.7699999999999996,0.0
low,276,2.78,0.0
low,277,2.7899999999999996,0.0
low,278,2.8,0.0
low,279,2.8099999999999996,0.0
low,280,2.82,0.0
low,281,2.8299999999999996,0.0
low,282,2.8399999999999994,0.0
low,283,2.8499999999999996,0.0
low,284,2.8599999999999994,0.0
low,285,2.8699999999999997,0.0
low,286,2.8799999999999994,0.0
low,287,2.8899999999999997,0.0
low,288,2.8999999999999995,0.0
low,289,2.9099999999999997,0.0
low,290,2.9199999999999995,0.0
low,291,2.9299999999999997,0.0
low,292,2.9399999999999995,0.0
low,293,2.9499999999999997,0.0
low,294,2.9599999999999995,0.0
low,295,2.9699999999999998,0.0
low,296,2.9799999999999995,0.0
low,297,2.9899999999999998,0.0
low,298,2.9999999999999996,0.0
low,299,3.01,0.0
low,300,3.0199999999999996,0.0
low,301,3.03,0.0
low,302,3.0399999999999996,0.0
low,303,3.05,0.0
low,304,3.0599999999999996,0.0
low,305,3.07,0.0
low,306,3.0799999999999996,0.0
low,307,3.09,0.0
low,308,3.0999999999999996,0.0
low,309,3.1099999999999994,0.0
low,310,3.1199999999999997,0.0
low,311,3.1299999999999994,0.0
low,312,3.1399999999999997,0.0
low,313,3.1499999999999995,0.0
low,314,3.1599999999999997,0.0
low,315,3.1699999999999995,0.0
low,316,3.1799999999999997,0.0
low,317,3.1899999999999995,0.0
low,318,3.1999999999999997,0.0
low,319,3.2099999999999995,0.0
low,320,3.2199999999999998,0.0
low,321,3.2299999999999995,0.0
low,322,3.2399999999999998,0.0
low,323,3.2499999999999996,0.0
low,324,3.26,0.0
low,325,3.2699999999999996,0.0
low,326,3.28,0.0
low,327,3.2899999999999996,0.0
low,328,3.3,0.0
low,329,3.3099999999999996,0.0
low,330,3.32,0.0
low,331,3.3299999999999996,0.0
low,332,3.34,0.0
low,333,3.3499999999999996,0.0
low,334,3.3599999999999994,0.0
low,335,3.3699999999999997,0.0
low,336,3.3799999999999994,0.0
low,337,3.3899999999999997,0.0
low,338,3.3999999999999995,0.0
low,339,3.4099999999999997,0.0
low,340,3.4199999999999995,0.0
low,341,3.4299999999999997,0.0
low,342,3.4399999999999995,0.0
low,343,3.4499999999999997,0.0
low,344,3.4599999999999995,0.0
low,345,3.4699999999999998,0.0
low,346,3.4799999999999995,0.0
low,347,3.4899999999999998,0.0
low,348,3.4999999999999996,0.0
low,349,3.51,0.0
low,350,3.5199999999999996,0.0
low,351,3.53,106.15548935893975
low,352,3.5399999999999996,106.54682945825978
low,353,3.55,107.26018533029621
low,354,3.5599999999999996,108.92397084154456
low,355,3.57,109.35560700087285
low,356,3.5799999999999996,110.04188976815531
low,357,3.59,109.01973974272147
low,358,3.5999999999999996,106.78162628785354
low,359,3.6099999999999994,104.8286367779914
low,360,3.6199999999999997,103.23475113374353
low,361,3.6299999999999994,105.94165650229009
low,362,3.6399999999999997,110.07129209930791
low,363,3.6499999999999995,109.34899522147421
low,364,3.6599999999999997,108.10514072109552
low,365,3.6699999999999995,105.657402282258
low,366,3.6799999999999997,102.98360636859134
low,367,3.6899999999999995,97.95815252246265
low,368,3.6999999999999997,92.23407707350171
low,369,3.7099999999999995,89.73638081856187
low,370,3.7199999999999998,96.8857890822649
low,371,3.7299999999999995,104.31040289090646
low,372,3.7399999999999998,105.94435733414313
low,373,3.7499999999999996,103.23389450783456
low,374,3.76,0.0
low,375,3.7699999999999996,0.0
low,376,3.78,0.0
low,377,3.7899999999999996,0.0
low,378,3.8,0.0
low,379,3.8099999999999996,0.0
low,380,3.82,0.0
low,381,3.8299999999999996,0.0
low,382,3.84,0.0
low,383,3.8499999999999996,0.0
low,384,3.8599999999999994,0.0
low,385,3.8699999999999997,0.0
low,386,3.8799999999999994,0.0
low,387,3.8899999999999997,0.0
low,388,3.8999999999999995,0.0
low,389,3.9099999999999997,0.0
low,390,3.9199999999999995,0.0
low,391,3.9299999999999997,0.0
low,392,3.9399999999999995,0.0
low,393,3.9499999999999997,0.0
low,394,3.9599999999999995,0.0
low,395,3.9699999999999998,0.0
low,396,3.9799999999999995,0.0
low,397,3.9899999999999998,0.0
low,398,3.9999999999999996,0.0
low,399,4.01,0.0
low,400,4.02,0.0
low,401,4.029999999999999,0.0
low,402,4.04,0.0
low,403,4.05,127.36443718475955
low,404,4.06,126.61052573427136
low,405,4.069999999999999,120.73495247553176
low,406,4.08,118.42735451394263
low,407,4.09,117.02122415147561
low,408,4.1,115.9647498299446
low,409,4.109999999999999,114.35586438240517
low,410,4.119999999999999,112.98919700572337
low,411,4.13,112.7670699281216
low,412,4.14,112.27972221884569
low,413,4.1499999999999995,112.49895381703723
low,414,4.159999999999999,113.31692495768098
low,415,4.17,112.06179053780136
low,416,4.18,112.15256334050876
low,417,4.1899999999999995,110.98980340390823
low,418,4.199999999999999,109.46041630646486
low,419,4.21,110.29512824571168
low,420,4.22,111.24622998460308
low,421,4.2299999999999995,111.43048116513945
low,422,4.239999999999999,111.33629093401049
low,423,4.25,111.87121525822984
low,424,4.26,112.4011634341639
low,425,4.27,112.76922970033704
low,426,4.279999999999999,111.81476259694504
low,427,4.29,110.49192581960892
low,428,4.3,108.9852568570471
low,429,4.31,108.24369456964388
low,430,4.319999999999999,108.72993873915402
low,431,4.33,112.60946565247175
low,432,4.34,116.66407024698914
low,433,4.35,108.47269779360477
low,434,4.359999999999999,106.63282357993636
low,435,4.37,0.0
low,436,4.38,0.0
low,437,4.39,0.0
low,438,4.3999999999999995,0.0
low,439,4.409999999999999,0.0
low,440,4.42,110.90934335253158
low,441,4.43,117.67895604628886
low,442,4.4399999999999995,119.31863152531211
low,443,4.449999999999999,110.78728231347293
low,444,4.46,109.11758033025431
low,445,4.47,107.57032706467398
low,446,4.4799999999999995,106.21835485217377
low,447,4.489999999999999,105.59927333029961
low,448,4.5,105.77792725339839
low,449,4.51,106.19247099498779
low,450,4.52,106.73002164199453
low,451,4.529999999999999,106.82074816628277
low,452,4.54,106.4536181517665
low,453,4.55,106.27302848472904
low,454,4.56,105.49264631319805
low,455,4.569999999999999,105.13889399122857
low,456,4.58,104.69006910537726
low,457,4.59,103.82341060350909
low,458,4.6,104.0499450588343
low,459,4.609999999999999,104.17379508737217
low,460,4.62,104.46616937952061
low,461,4.63,104.54825972083502
low,462,4.64,104.53760118758449
low,463,4.6499999999999995,104.0821828556419
low,464,4.659999999999999,103.90155376958937
low,465,4.67,103.52613989594406
low,466,4.68,103.56425633270914
low,467,4.6899999999999995,103.77528698798024
low,468,4.699999999999999,103.79289243444339
low,469,4.71,103.22087210356081
low,470,4.72,102.67877013091493
low,471,4.7299999999999995,101.75989315385414
low,472,4.739999999999999,103.11103643704527
low,473,4.75,104.26022344074471
low,474,4.76,105.48763088711962
low,475,4.77,0.0
low,476,4.779999999999999,0.0
low,477,4.79,0.0
low,478,4.8,0.0
low,479,4.81,0.0
low,480,4.819999999999999,0.0
low,481,4.83,0.0
low,482,4.84,0.0
low,483,4.85,0.0
low,484,4.859999999999999,0.0
low,485,4.87,0.0
low,486,4.88,0.0
low,487,4.89,0.0
low,488,4.8999999999999995,0.0
low,489,4.909999999999999,0.0
low,490,4.92,0.0
low,491,4.93,0.0
low,492,4.9399999999999995,0.0
low,493,4.949999999999999,0.0
low,494,4.96,0.0
low,495,4.97,0.0
low,496,4.9799999999999995,0.0
low,497,4.989999999999999,0.0
low,498,5.0,0.0
low,499,5.01,0.0
low,500,5.02,0.0
low,501,5.029999999999999,0.0
low,502,5.04,0.0
low,503,5.05,0.0
low,504,5.06,0.0
low,505,5.069999999999999,0.0
low,506,5.08,0.0
low,507,5.09,0.0
low,508,5.1,0.0
low,509,5.109999999999999,0.0
low,510,5.12,0.0
low,511,5.13,0.0
low,512,5.14,0.0
low,513,5.1499999999999995,0.0
low,514,5.159999999999999,0.0
low,515,5.17,0.0
low,516,5.18,0.0
low,517,5.1899999999999995,0.0
low,518,5.199999999999999,0.0
low,519,5.21,0.0
low,520,5.22,0.0
low,521,5.2299999999999995,0.0
low,522,5.239999999999999,0.0
low,523,5.25,0.0
low,524,5.26,0.0
low,525,5.27,0.0
low,526,5.279999999999999,0.0
low,527,5.29,0.0
low,528,5.3,0.0
low,529,5.31,114.03389708762722
low,530,5.319999999999999,111.83997880327686
low,531,5.33,106.46231002244956
low,532,5.34,104.20916796521438
low,533,5.35,104.01273259105774
low,534,5.359999999999999,106.24564387112777
low,535,5.37,110.12249835666135
low,536,5.38,114.89552885566857
low,537,5.39,118.45306442192366
low,538,5.3999999999999995,119.29422734280186
low,539,5.409999999999999,117.82800467933468
low,540,5.42,114.709054273337
low,541,5.43,112.9731547628898
low,542,5.4399999999999995,111.603868329672
low,543,5.449999999999999,110.50817354553772
low,544,5.46,108.99766902424203
low,545,5.47,107.04781713989699
low,546,5.4799999999999995,103.99342596077626
low,547,5.489999999999999,100.07926215908412
low,548,5.5,97.66764358947106
low,549,5.51,97.13654583424817
low,550,5.52,93.19659539997117
low,551,5.529999999999999,90.69217311686039
low,552,5.54,87.15629445726348
low,553,5.55,86.73715453813794
low,554,5.56,105.4651531351749
low,555,5.569999999999999,102.72621165396781
low,556,5.58,105.25760918801201
low,557,5.59,101.3167066806535
low,558,5.6,101.6837813864113
low,559,5.609999999999999,0.0
low,560,5.62,0.0
low,561,5.63,0.0
low,562,5.64,0.0
low,563,5.6499999999999995,0.0
low,564,5.659999999999999,0.0
low,565,5.67,0.0
low,566,5.68,0.0
low,567,5.6899999999999995,0.0
low,568,5.699999999999999,0.0
low,569,5.71,0.0
low,570,5.72,0.0
low,571,5.7299999999999995,0.0
low,572,5.739999999999999,0.0
low,573,5.75,0.0
low,574,5.76,0.0
low,575,5.77,0.0
low,576,5.779999999999999,99.57193671434838
low,577,5.79,95.96805703450974
low,578,5.8,93.18971556036293
low,579,5.81,92.04836374238772
low,580,5.819999999999999,92.61380474287373
low,581,5.83,94.27137405559326
low,582,5.84,93.85972115564216
low,583,5.85,94.73873323811901
low,584,5.859999999999999,96.47051035742253
low,585,5.87,96.69117506539459
low,586,5.88,98.77852815985426
low,587,5.89,98.919529361131
low,588,5.8999999999999995,96.70069019223382
low,589,5.909999999999999,96.41873445143335
low,590,5.92,95.17380828207409
low,591,5.93,92.15707428604965
low,592,5.9399999999999995,90.17845346278817
low,593,5.949999999999999,88.8397347370406
low,594,5.96,87.9304299043793
low,595,5.97,87.52412046018307
low,596,5.9799999999999995,86.36866661014226
low,597,5.989999999999999,85.92582445924535
low,598,6.0,85.74468879305147
low,599,6.01,85.77587201892827
low,600,6.02,85.08566239935541
low,601,6.029999999999999,83.8965507032494
low,602,6.04,84.09035713674183
low,603,6.05,84.87967005623175
low,604,6.06,84.40846197038181
low,605,6.069999999999999,83.65723362904716
low,606,6.08,83.89415896758267
low,607,6.09,83.49886047136418
low,608,6.1,83.86647161395994
low,609,6.109999999999999,84.94695664268305
low,610,6.12,85.89420135128877
low,611,6.13,0.0
low,612,6.14,0.0
low,613,6.1499999999999995,0.0
low,614,6.16,0.0
low,615,6.17,0.0
low,616,6.18,0.0
low,617,6.1899999999999995,0.0
low,618,6.199999999999999,0.0
low,619,6.21,0.0
low,620,6.22,0.0
low,621,6.2299999999999995,0.0
low,622,6.239999999999999,0.0
low,623,6.25,0.0
low,624,6.26,0.0
low,625,6.27,0.0
low,626,6.279999999999999,0.0
low,627,6.29,0.0
low,628,6.3,0.0
low,629,6.31,0.0
low,630,6.319999999999999,0.0
low,631,6.33,0.0
low,632,6.34,0.0
low,633,6.35,0.0
low,634,6.359999999999999,0.0
low,635,6.37,0.0
low,636,6.38,0.0
low,637,6.39,0.0
low,638,6.3999999999999995,0.0
low,639,6.41,0.0
low,640,6.42,0.0
low,641,6.43,0.0
low,642,6.4399999999999995,0.0
low,643,6.449999999999999,0.0
low,644,6.46,0.0
low,645,6.47,0.0
low,646,6.4799999999999995,0.0
low,647,6.489999999999999,0.0
low,648,6.5,0.0
low,649,6.51,0.0
low,650,6.52,0.0
low,651,6.529999999999999,0.0
low,652,6.54,0.0
low,653,6.55,0.0
low,654,6.56,0.0
low,655,6.569999999999999,0.0
low,656,6.58,0.0
low,657,6.59,0.0
low,658,6.6,0.0
low,659,6.609999999999999,0.0
low,660,6.62,0.0
low,661,6.63,0.0
low,662,6.64,0.0
low,663,6.6499999999999995,0.0
low,664,6.66,0.0
low,665,6.67,0.0
low,666,6.68,0.0
low,667,6.6899999999999995,0.0
low,668,6.699999999999999,0.0
low,669,6.71,0.0
low,670,6.72,0.0
low,671,6.7299999999999995,0.0
low,672,6.739999999999999,0.0
low,673,6.75,105.36420147330463
low,674,6.76,99.9008052921021
low,675,6.77,97.2847933855956
low,676,6.779999999999999,96.95674377054492
low,677,6.79,97.51197948544707
low,678,6.8,99.76906619865252
low,679,6.81,100.96302665181246
low,680,6.819999999999999,102.45272951349878
low,681,6.83,104.31134505522097
low,682,6.84,103.3657785374823
low,683,6.85,102.0750769857576
low,684,6.859999999999999,101.1721934373599
low,685,6.87,100.53956405548439
low,686,6.88,100.72806439848588
low,687,6.89,103.1199723523261
low,688,6.8999999999999995,103.29703094824238
low,689,6.91,103.32069210277228
low,690,6.92,101.92425495383341
low,691,6.93,100.4332623100558
low,692,6.9399999999999995,100.58100725537483
low,693,6.949999999999999,100.58374605336017
low,694,6.96,100.73575929635214
low,695,6.97,101.82842283659564
low,696,6.9799999999999995,103.7178443517187
low,697,6.989999999999999,0.0
low,698,7.0,0.0
low,699,7.01,0.0
low,700,7.02,0.0
low,701,7.029999999999999,0.0
low,702,7.04,0.0
low,703,7.05,0.0
low,704,7.06,0.0
low,705,7.069999999999999,0.0
low,706,7.08,0.0
low,707,7.09,0.0
low,708,7.1,0.0
low,709,7.109999999999999,0.0
low,710,7.12,0.0
low,711,7.13,0.0
low,712,7.14,0.0
low,713,7.1499999999999995,0.0
low,714,7.16,0.0
low,715,7.17,0.0
low,716,7.18,0.0
low,717,7.1899999999999995,0.0
low,718,7.199999999999999,0.0
low,719,7.21,0.0
low,720,7.22,0.0
low,721,7.2299999999999995,0.0
low,722,7.239999999999999,0.0
low,723,7.25,0.0
low,724,7.26,0.0
low,725,7.27,0.0
low,726,7.279999999999999,0.0
low,727,7.29,0.0
low,728,7.3,0.0
low,729,7.31,0.0
low,730,7.319999999999999,0.0
low,731,7.33,0.0
low,732,7.34,0.0
low,733,7.35,0.0
low,734,7.359999999999999,0.0
low,735,7.37,0.0
low,736,7.38,0.0
low,737,7.39,0.0
low,738,7.3999999999999995,0.0
low,739,7.41,0.0
low,740,7.42,0.0
low,741,7.43,0.0
low,742,7.4399999999999995,0.0
low,743,7.449999999999999,0.0
low,744,7.46,0.0
low,745,7.47,0.0
low,746,7.4799999999999995,0.0
low,747,7.489999999999999,0.0
low,748,7.5,0.0
low,749,7.51,0.0
low,750,7.52,0.0
low,751,7.529999999999999,0.0
low,752,7.54,0.0
low,753,7.55,0.0
low,754,7.56,0.0
low,755,7.569999999999999,0.0
low,756,7.58,0.0
low,757,7.59,0.0
low,758,7.6,0.0
low,759,7.609999999999999,0.0
low,760,7.62,0.0
low,761,7.63,0.0
low,762,7.64,0.0
low,763,7.6499999999999995,0.0
low,764,7.66,110.4386484529955
low,765,7.67,108.73646032737224
low,766,7.68,106.92228323209312
low,767,7.6899999999999995,104.23379226015587
low,768,7.699999999999999,104.07096154206688
low,769,7.71,101.74024482739682
low,770,7.72,99.73499408803767
low,771,7.7299999999999995,100.47756059881652
low,772,7.739999999999999,100.6853471642067
low,773,7.75,102.7330167741116
low,774,7.76,0.0
low,775,7.77,135.8303983908752
low,776,7.779999999999999,131.27398033704426
low,777,7.79,133.0917729377434
low,778,7.8,132.56759399788555
low,779,7.81,132.01891999727104
low,780,7.819999999999999,131.2472388881181
low,781,7.83,130.18259235805027
low,782,7.84,129.7104210401002
low,783,7.85,128.4990772977029
low,784,7.859999999999999,126.14125449787701
low,785,7.87,125.42738453762135
low,786,7.88,123.79461231781534
low,787,7.89,120.58983196595446
low,788,7.8999999999999995,120.56840037037195
low,789,7.91,120.74204667065788
low,790,7.92,120.90793099404463
low,791,7.93,121.42095991487513
low,792,7.9399999999999995,121.72265741978327
low,793,7.95,121.82001095310892
low,794,7.96,121.75676840538807
low,795,7.97,0.0
low,796,7.9799999999999995,0.0
low,797,7.989999999999999,0.0
low,798,8.0,0.0
low,799,8.01,0.0
low,800,8.02,0.0
low,801,8.03,149.4051613709521
low,802,8.04,145.33078812590074
low,803,8.049999999999999,138.33269845742728
low,804,8.06,133.22631429970522
low,805,8.07,131.64432315355688
low,806,8.08,130.0161742904215
low,807,8.09,126.20636420593743
low,808,8.1,126.56280559200113
low,809,8.11,124.25878655362683
low,810,8.12,123.54115905309818
low,811,8.129999999999999,126.6868428442706
low,812,8.14,130.26857998658718
low,813,8.15,131.6908345878142
low,814,8.16,131.834923392359
low,815,8.17,130.33951890858086
low,816,8.18,129.7558048202464
low,817,8.19,131.64509601305576
low,818,8.2,133.54787935305424
low,819,8.209999999999999,135.65608160768647
low,820,8.219999999999999,136.25692708636942
low,821,8.23,136.04301458558396
low,822,8.24,135.38582713240814
low,823,8.25,135.30809615799143
low,824,8.26,134.98398946775453
low,825,8.27,134.11500529220754
low,826,8.28,133.04909005615247
low,827,8.29,132.7259447822733
low,828,8.299999999999999,132.31368188720168
low,829,8.31,129.6425928074436
low,830,8.32,127.67059000478187
low,831,8.33,130.03088977774092
low,832,8.34,133.94768967387023
low,833,8.35,135.00117980962187
low,834,8.36,129.53659456139997
low,835,8.37,126.24860459328772
low,836,8.379999999999999,128.73400865029453
low,837,8.39,0.0
low,838,8.4,0.0
low,839,8.41,0.0
low,840,8.42,0.0
low,841,8.43,0.0
low,842,8.44,0.0
low,843,8.45,0.0
low,844,8.459999999999999,0.0
low,845,8.469999999999999,0.0
low,846,8.48,0.0
low,847,8.49,0.0
low,848,8.5,0.0
low,849,8.51,0.0
low,850,8.52,0.0
low,851,8.53,0.0
low,852,8.54,0.0
low,853,8.549999999999999,0.0
low,854,8.56,0.0
low,855,8.57,0.0
low,856,8.58,0.0
low,857,8.59,0.0
low,858,8.6,0.0
low,859,8.61,0.0
low,860,8.62,0.0
low,861,8.629999999999999,0.0
low,862,8.64,0.0
low,863,8.65,0.0
low,864,8.66,0.0
low,865,8.67,0.0
low,866,8.68,0.0
low,867,8.69,0.0
low,868,8.7,0.0
low,869,8.709999999999999,0.0
low,870,8.72,0.0
low,871,8.73,0.0
low,872,8.74,0.0
low,873,8.75,0.0
low,874,8.76,0.0
low,875,8.77,0.0
low,876,8.78,0.0
low,877,8.79,0.0
low,878,8.799999999999999,0.0
low,879,8.81,0.0
low,880,8.82,102.02921257045033
low,881,8.83,95.19063556687352
low,882,8.84,92.09833890919306
low,883,8.85,0.0
low,884,8.86,0.0
low,885,8.87,0.0
low,886,8.879999999999999,0.0
low,887,8.89,0.0
low,888,8.9,0.0
low,889,8.91,0.0
low,890,8.92,0.0
low,891,8.93,0.0
low,892,8.94,0.0
low,893,8.95,0.0
low,894,8.959999999999999,0.0
low,895,8.97,0.0
low,896,8.98,0.0
low,897,8.99,0.0
low,898,9.0,103.75525827141269
low,899,9.01,105.86891039713944
low,900,9.02,109.36626133279535
low,901,9.03,112.73026859167436
low,902,9.04,115.96382515604118
low,903,9.049999999999999,115.91698944070487
low,904,9.06,116.12113343912492
low,905,9.07,117.73693462557877
low,906,9.08,118.20648995926612
low,907,9.09,115.1460088588157
low,908,9.1,114.87478129056746
low,909,9.11,114.45068980775201
low,910,9.12,114.94625771313761
low,911,9.129999999999999,115.4598488393018
low,912,9.14,115.77914251759375
low,913,9.15,117.07845692689745
low,914,9.16,117.3253882094602
low,915,9.17,115.41408815946872
low,916,9.18,114.13946688806386
low,917,9.19,112.28529724044469
low,918,9.2,111.6122466972099
low,919,9.209999999999999,111.53472558772813
low,920,9.22,108.64559238501332
low,921,9.23,105.01903390238414
low,922,9.24,102.53221722514891
low,923,9.25,97.65529910334426
low,924,9.26,92.63939768639783
low,925,9.27,92.80816385226532
low,926,9.28,88.41172190404738
low,927,9.29,88.78892934281356
low,928,9.299999999999999,88.55704793949386
low,929,9.31,91.87373568235378
low,930,9.32,94.87167303329339
low,931,9.33,96.27105551803668
low,932,9.34,96.76720695360697
low,933,9.35,94.53633101293755
low,934,9.36,93.47685574913933
low,935,9.37,92.30881602066003
low,936,9.379999999999999,92.31894854771282
low,937,9.39,92.1139875106038
low,938,9.4,92.16076248424233
low,939,9.41,91.54928773483333
low,940,9.42,90.37346100983424
low,941,9.43,89.75577532461841
low,942,9.44,89.61999962768164
low,943,9.45,88.99222973120834
low,944,9.459999999999999,87.48111446998176
low,945,9.47,88.41470978875451
low,946,9.48,88.47506329544521
low,947,9.49,88.15380710119618
low,948,9.5,92.70709797184716
low,949,9.51,86.36778042085582
low,950,9.52,86.01327343197971
low,951,9.53,0.0
low,952,9.54,0.0
low,953,9.549999999999999,0.0
low,954,9.56,0.0
low,955,9.57,0.0
low,956,9.58,0.0
low,957,9.59,0.0
low,958,9.6,0.0
low,959,9.61,0.0
low,960,9.62,0.0
low,961,9.629999999999999,0.0
low,962,9.64,0.0
low,963,9.65,0.0
low,964,9.66,0.0
low,965,9.67,0.0
low,966,9.68,0.0
low,967,9.69,0.0
low,968,9.7,0.0
low,969,9.709999999999999,0.0
low,970,9.72,0.0
low,971,9.73,0.0
low,972,9.74,0.0
low,973,9.75,0.0
low,974,9.76,0.0
low,975,9.77,0.0
low,976,9.78,0.0
low,977,9.79,0.0
low,978,9.799999999999999,0.0
low,979,9.81,0.0
low,980,9.82,0.0
low,981,9.83,0.0
low,982,9.84,98.56852192076437
low,983,9.85,97.45038033836872
low,984,9.86,97.592268827636
low,985,9.87,98.28908831321891
low,986,9.879999999999999,99.07832538343081
low,987,9.89,101.10788712779811
low,988,9.9,103.36419883614151
low,989,9.91,103.87284382429274
low,990,9.92,104.77901295738296
low,991,9.93,104.36453872110295
low,992,9.94,103.87255878573797
low,993,9.95,103.62208307032674
low,994,9.959999999999999,103.4259056231123
low,995,9.97,103.31939300189703
low,996,9.98,102.96647758934023
low,997,9.99,102.82270927342351
low,998,10.0,102.22778689719182
low,999,10.01,101.92233560048584
low,1000,10.02,101.23551110997919
low,1001,10.03,101.10943478623011
low,1002,10.04,100.81744672909592
low,1003,10.049999999999999,102.60132508503055
low,1004,10.06,0.0
low,1005,10.07,0.0
low,1006,10.08,0.0
low,1007,10.09,0.0
low,1008,10.1,0.0
low,1009,10.11,0.0
low,1010,10.12,0.0
low,1011,10.129999999999999,0.0
low,1012,10.14,125.42405635048688
low,1013,10.15,120.68255594524105
low,1014,10.16,118.53653216800141
low,1015,10.17,117.86457883203174
low,1016,10.18,116.65998583701926
low,1017,10.19,115.54636693733306
low,1018,10.2,114.30593671545958
low,1019,10.209999999999999,112.58925373352908
low,1020,10.22,110.7554981839615
low,1021,10.23,107.78799652140113
low,1022,10.24,105.17757263481879
low,1023,10.25,104.9977644755138
low,1024,10.26,102.93795903840099
low,1025,10.27,100.92590917413901
low,1026,10.28,99.7081711659141
low,1027,10.29,98.82746113163947
low,1028,10.299999999999999,95.8633483295676
low,1029,10.31,94.50180088719091
low,1030,10.32,91.9169596748805
low,1031,10.33,90.73241065575367
low,1032,10.34,94.44682723650618
low,1033,10.35,101.00265270737673
low,1034,10.36,100.41211902903046
low,1035,10.37,98.83874945891635
low,1036,10.379999999999999,100.60103100549449
low,1037,10.39,0.0
low,1038,10.4,0.0
low,1039,10.41,84.00044144708616
low,1040,10.42,81.95968651597275
low,1041,10.43,80.80151703333074
low,1042,10.44,79.06027850398142
low,1043,10.45,78.4051058437031
low,1044,10.459999999999999,78.62173235895636
low,1045,10.47,78.04009667804243
low,1046,10.48,79.28836571577615
low,1047,10.49,79.39557518082296
low,1048,10.5,79.39485759455309
low,1049,10.51,80.19612870442661
low,1050,10.52,80.66746527856886
low,1051,10.53,80.72771497985076
low,1052,10.54,79.98446759526567
low,1053,10.549999999999999,79.58050273094958
low,1054,10.56,78.6430907858968
low,1055,10.57,79.97461957370463
low,1056,10.58,80.73054330733109
low,1057,10.59,78.76229364485815
low,1058,10.6,78.18819046652038
low,1059,10.61,0.0
low,1060,10.62,0.0
low,1061,10.629999999999999,0.0
low,1062,10.64,0.0
low,1063,10.65,0.0
low,1064,10.66,0.0
low,1065,10.67,0.0
low,1066,10.68,0.0
low,1067,10.69,0.0
low,1068,10.7,0.0
low,1069,10.709999999999999,0.0
low,1070,10.72,0.0
low,1071,10.73,0.0
low,1072,10.74,0.0
low,1073,10.75,0.0
low,1074,10.76,0.0
low,1075,10.77,0.0
low,1076,10.78,0.0
low,1077,10.79,0.0
low,1078,10.799999999999999,0.0
low,1079,10.81,0.0
low,1080,10.82,0.0
low,1081,10.83,0.0
low,1082,10.84,0.0
low,1083,10.85,0.0
low,1084,10.86,0.0
low,1085,10.87,0.0
low,1086,10.879999999999999,0.0
low,1087,10.89,0.0
low,1088,10.9,0.0
low,1089,10.91,0.0
low,1090,10.92,0.0
low,1091,10.93,0.0
low,1092,10.94,0.0
low,1093,10.95,0.0
low,1094,10.959999999999999,0.0
low,1095,10.97,0.0
low,1096,10.98,0.0
low,1097,10.99,0.0
low,1098,11.0,0.0
low,1099,11.01,0.0
low,1100,11.02,0.0
low,1101,11.03,0.0
low,1102,11.04,0.0
low,1103,11.049999999999999,0.0
low,1104,11.06,0.0
low,1105,11.07,0.0
low,1106,11.08,0.0
low,1107,11.09,0.0
low,1108,11.1,0.0
low,1109,11.11,0.0
low,1110,11.12,0.0
low,1111,11.129999999999999,0.0
low,1112,11.14,0.0
low,1113,11.15,0.0
low,1114,11.16,0.0
low,1115,11.17,0.0
low,1116,11.18,119.89496587526395
low,1117,11.19,120.14411806129499
low,1118,11.2,118.37525070690589
low,1119,11.209999999999999,117.36741788238372
low,1120,11.22,113.76328742911083
low,1121,11.23,112.15599353337416
low,1122,11.24,110.4252079931253
low,1123,11.25,109.0001270161443
low,1124,11.26,109.03425290619052
low,1125,11.27,108.17380397616549
low,1126,11.28,105.55028184805192
low,1127,11.29,102.00438331521727
low,1128,11.299999999999999,98.62451699415578
low,1129,11.31,0.0
low,1130,11.32,0.0
low,1131,11.33,0.0
low,1132,11.34,0.0
low,1133,11.35,0.0
low,1134,11.36,0.0
low,1135,11.37,0.0
low,1136,11.379999999999999,0.0
low,1137,11.39,0.0
low,1138,11.4,0.0
low,1139,11.41,0.0
low,1140,11.42,0.0
low,1141,11.43,0.0
low,1142,11.44,0.0
low,1143,11.45,0.0
low,1144,11.459999999999999,0.0
low,1145,11.47,0.0
low,1146,11.48,0.0
low,1147,11.49,0.0
low,1148,11.5,0.0
low,1149,11.51,0.0
low,1150,11.52,0.0
low,1151,11.53,0.0
low,1152,11.54,0.0
low,1153,11.549999999999999,0.0
low,1154,11.56,111.69486385149065
low,1155,11.57,119.34971883632534
low,1156,11.58,115.02998932957276
low,1157,11.59,113.48964568067645
low,1158,11.6,112.46255614742178
low,1159,11.61,111.13800554137946
low,1160,11.62,110.56972672988148
low,1161,11.629999999999999,110.36149309487453
low,1162,11.64,106.94189898436164
low,1163,11.65,106.33222083982848
low,1164,11.66,107.75087911193599
low,1165,11.67,107.38305727349518
low,1166,11.68,101.62593035857016
low,1167,11.69,103.72439824928166
low,1168,11.7,105.56459758370586
low,1169,11.709999999999999,101.73525945966695
low,1170,11.72,98.90474119182232
low,1171,11.73,97.95997936780716
low,1172,11.74,97.59691888507332
low,1173,11.75,98.15408499988825
low,1174,11.76,100.97109419343171
low,1175,11.77,114.599158950788
low,1176,11.78,110.85627316902217
low,1177,11.79,111.93740151805459
low,1178,11.799999999999999,114.81040213072528
low,1179,11.81,0.0
low,1180,11.82,0.0
low,1181,11.83,0.0
low,1182,11.84,0.0
low,1183,11.85,0.0
low,1184,11.86,0.0
low,1185,11.87,0.0
low,1186,11.879999999999999,0.0
low,1187,11.89,0.0
low,1188,11.9,0.0
low,1189,11.91,0.0
low,1190,11.92,0.0
low,1191,11.93,0.0
low,1192,11.94,0.0
low,1193,11.95,0.0
low,1194,11.959999999999999,0.0
low,1195,11.97,0.0
low,1196,11.98,0.0
low,1197,11.99,0.0
low,1198,12.0,0.0
low,1199,12.01,0.0
low,1200,12.02,0.0
low,1201,12.03,0.0
low,1202,12.04,0.0
low,1203,12.05,0.0
low,1204,12.06,0.0
low,1205,12.07,419.85299425519327
low,1206,12.08,447.4033545486049
low,1207,12.09,430.6648179464873
low,1208,12.1,399.61304919313886
low,1209,12.11,425.14685430394684
low,1210,12.12,428.27936092217215
low,1211,12.129999999999999,421.5606445519205
low,1212,12.14,432.489875096025
low,1213,12.15,430.5129036165716
low,1214,12.16,0.0
low,1215,12.17,0.0
low,1216,12.18,0.0
low,1217,12.19,0.0
low,1218,12.2,0.0
low,1219,12.209999999999999,0.0
low,1220,12.22,0.0
low,1221,12.23,0.0
low,1222,12.24,0.0
low,1223,12.25,0.0
low,1224,12.26,0.0
low,1225,12.27,0.0
low,1226,12.28,0.0
low,1227,12.29,0.0
low,1228,12.3,0.0
low,1229,12.31,0.0
low,1230,12.32,0.0
low,1231,12.33,0.0
low,1232,12.34,0.0
low,1233,12.35,0.0
low,1234,12.36,0.0
low,1235,12.37,0.0
low,1236,12.379999999999999,0.0
low,1237,12.39,0.0
low,1238,12.4,0.0
low,1239,12.41,0.0
low,1240,12.42,0.0
low,1241,12.43,0.0
low,1242,12.44,0.0
low,1243,12.45,0.0
low,1244,12.459999999999999,0.0
low,1245,12.47,0.0
low,1246,12.48,0.0
low,1247,12.49,0.0
low,1248,12.5,0.0
low,1249,12.51,0.0
low,1250,12.52,0.0
low,1251,12.53,0.0
low,1252,12.54,0.0
low,1253,12.55,0.0
low,1254,12.56,0.0
low,1255,12.57,0.0
low,1256,12.58,0.0
low,1257,12.59,0.0
low,1258,12.6,0.0
low,1259,12.61,0.0
low,1260,12.62,0.0
low,1261,12.629999999999999,0.0
low,1262,12.64,0.0
low,1263,12.65,0.0
low,1264,12.66,0.0
low,1265,12.67,0.0
low,1266,12.68,0.0
low,1267,12.69,0.0
low,1268,12.7,0.0
low,1269,12.709999999999999,0.0
low,1270,12.72,0.0
low,1271,12.73,0.0
low,1272,12.74,0.0
low,1273,12.75,0.0
low,1274,12.76,0.0
low,1275,12.77,0.0
low,1276,12.78,0.0
low,1277,12.79,0.0
low,1278,12.8,0.0
low,1279,12.81,0.0
low,1280,12.82,0.0
low,1281,12.83,0.0
low,1282,12.84,0.0
low,1283,12.85,0.0
low,1284,12.86,0.0
low,1285,12.87,0.0
low,1286,12.879999999999999,0.0
low,1287,12.89,0.0
low,1288,12.9,0.0
low,1289,12.91,0.0
low,1290,12.92,0.0
low,1291,12.93,0.0
low,1292,12.94,0.0
low,1293,12.95,0.0
low,1294,12.959999999999999,0.0
low,1295,12.97,0.0
low,1296,12.98,0.0
low,1297,12.99,0.0
low,1298,13.0,0.0
low,1299,13.01,0.0
low,1300,13.02,0.0
low,1301,13.03,0.0
low,1302,13.04,0.0
low,1303,13.05,0.0
low,1304,13.06,0.0
low,1305,13.07,0.0
low,1306,13.08,0.0
low,1307,13.09,0.0
low,1308,13.1,0.0
low,1309,13.11,0.0
low,1310,13.12,0.0
low,1311,13.129999999999999,0.0
low,1312,13.14,0.0
low,1313,13.15,0.0
low,1314,13.16,0.0
low,1315,13.17,0.0
low,1316,13.18,0.0
low,1317,13.19,0.0
low,1318,13.2,0.0
low,1319,13.209999999999999,0.0
low,1320,13.22,0.0
low,1321,13.23,0.0
low,1322,13.24,0.0
low,1323,13.25,0.0
low,1324,13.26,0.0
low,1325,13.27,0.0
low,1326,13.28,0.0
low,1327,13.29,0.0
low,1328,13.3,0.0
low,1329,13.31,0.0
low,1330,13.32,0.0
low,1331,13.33,0.0
low,1332,13.34,0.0
low,1333,13.35,0.0
low,1334,13.36,0.0
low,1335,13.37,0.0
low,1336,13.379999999999999,0.0
low,1337,13.39,0.0
low,1338,13.4,0.0
low,1339,13.41,0.0
low,1340,13.42,0.0
low,1341,13.43,0.0
low,1342,13.44,0.0
low,1343,13.45,0.0
low,1344,13.459999999999999,0.0
low,1345,13.47,0.0
low,1346,13.48,0.0
low,1347,13.49,0.0
low,1348,13.5,0.0
low,1349,13.51,0.0
low,1350,13.52,0.0
low,1351,13.53,0.0
low,1352,13.54,0.0
low,1353,13.55,0.0
low,1354,13.56,0.0
low,1355,13.57,0.0